wall_time,ros_time,msg_stamp,has_converged,matching_error,inlier_fraction,relative_x,relative_y,relative_z,relative_yaw
14.333394,1778663570.674260,1778663570.490788,1,0.047430,0.954255,-0.163639,-0.049808,0.017389,-0.032978
14.432622,1778663570.773487,1778663570.590226,1,0.048417,0.953005,-0.164636,-0.044205,0.019793,-0.032948
14.522343,1778663570.863214,1778663570.690289,1,0.048492,0.953411,-0.164923,-0.045086,0.020882,-0.032610
14.670842,1778663571.011712,1778663570.790236,1,0.047942,0.953576,-0.164117,-0.043339,0.019125,-0.032964
14.722702,1778663571.063566,1778663570.890266,1,0.048245,0.954277,-0.162827,-0.043186,0.019274,-0.032496
14.837285,1778663571.178150,1778663570.990269,1,0.048424,0.953459,-0.163372,-0.043516,0.019951,-0.033000
14.921006,1778663571.261872,1778663571.090883,1,0.049197,0.952821,-0.163444,-0.043087,0.018676,-0.032760
15.037986,1778663571.378860,1778663571.190246,1,0.047993,0.953670,-0.163635,-0.043740,0.020221,-0.032917
15.117391,1778663571.458256,1778663571.295072,1,0.049841,0.952671,-0.164826,-0.044311,0.023979,-0.032501
15.223987,1778663571.564852,1778663571.390273,1,0.048297,0.954063,-0.165663,-0.042546,0.019023,-0.032973
15.356717,1778663571.697628,1778663571.490897,1,0.048047,0.953796,-0.164917,-0.044932,0.019870,-0.032677
15.422779,1778663571.763648,1778663571.590346,1,0.048609,0.953887,-0.165015,-0.043728,0.020783,-0.032657
15.519077,1778663571.859946,1778663571.690755,1,0.049131,0.952878,-0.162831,-0.043187,0.018557,-0.032807
15.629623,1778663571.970489,1778663571.790321,1,0.048048,0.953840,-0.164292,-0.043766,0.018376,-0.032721
15.741220,1778663572.082102,1778663571.890347,1,0.048317,0.953346,-0.163295,-0.040848,0.020531,-0.032992
15.825943,1778663572.166808,1778663571.990437,1,0.048304,0.953121,-0.163921,-0.043895,0.018828,-0.032638
15.921566,1778663572.262431,1778663572.090285,1,0.047830,0.954444,-0.163910,-0.043437,0.018492,-0.032638
16.048206,1778663572.389069,1778663572.191163,1,0.048177,0.954110,-0.164180,-0.044075,0.020675,-0.032424
16.122191,1778663572.463055,1778663572.294728,1,0.050984,0.950661,-0.164717,-0.041958,0.024260,-0.033031
16.229681,1778663572.570547,1778663572.390276,1,0.048749,0.953516,-0.163829,-0.044181,0.019332,-0.032607
16.334783,1778663572.675654,1778663572.490250,1,0.048915,0.953320,-0.162554,-0.044188,0.020149,-0.032656
16.415691,1778663572.756568,1778663572.590308,1,0.048840,0.953188,-0.163132,-0.042771,0.019395,-0.032882
16.522076,1778663572.862942,1778663572.690282,1,0.047924,0.954034,-0.163486,-0.044549,0.018296,-0.032910
16.627996,1778663572.968862,1778663572.790462,1,0.048218,0.953897,-0.163261,-0.044586,0.018691,-0.032999
16.745597,1778663573.086464,1778663572.890526,1,0.048418,0.954023,-0.164219,-0.044083,0.019738,-0.032727
16.820116,1778663573.160979,1778663572.990287,1,0.047593,0.954651,-0.163887,-0.043453,0.019550,-0.032717
16.918973,1778663573.259845,1778663573.090284,1,0.047686,0.954933,-0.163897,-0.043698,0.019821,-0.032780
17.046216,1778663573.387083,1778663573.190280,1,0.047902,0.954336,-0.164571,-0.043401,0.019405,-0.032687
17.117464,1778663573.458328,1778663573.294909,1,0.051075,0.950830,-0.163715,-0.043140,0.024092,-0.032955
17.236309,1778663573.577184,1778663573.390376,1,0.048224,0.953681,-0.162370,-0.044197,0.018044,-0.032803
17.324765,1778663573.665644,1778663573.490194,1,0.048227,0.952994,-0.164280,-0.042992,0.019639,-0.032837
17.421366,1778663573.762239,1778663573.590286,1,0.047908,0.953912,-0.163375,-0.043050,0.019839,-0.032793
17.533819,1778663573.874682,1778663573.690391,1,0.047613,0.954387,-0.164098,-0.043514,0.020669,-0.032731
17.630854,1778663573.971765,1778663573.790342,1,0.048026,0.953522,-0.164033,-0.042814,0.019815,-0.032711
17.723905,1778663574.064772,1778663573.890393,1,0.048157,0.953693,-0.164491,-0.045425,0.019606,-0.032793
17.818699,1778663574.159564,1778663573.990294,1,0.047416,0.954689,-0.163417,-0.043523,0.019413,-0.032835
17.952463,1778663574.293334,1778663574.090296,1,0.047970,0.954905,-0.163984,-0.043191,0.020567,-0.032620
18.020840,1778663574.361706,1778663574.190988,1,0.048278,0.953312,-0.163820,-0.043778,0.019032,-0.032605
18.129068,1778663574.469934,1778663574.295074,1,0.051812,0.950082,-0.164471,-0.042609,0.023555,-0.032760
18.241785,1778663574.582651,1778663574.390409,1,0.048752,0.952831,-0.164582,-0.044726,0.019009,-0.032626
18.354976,1778663574.695841,1778663574.490541,1,0.047741,0.954611,-0.164563,-0.043421,0.021010,-0.032622
18.422365,1778663574.763232,1778663574.590487,1,0.048226,0.953918,-0.163309,-0.043048,0.018836,-0.032763
18.522796,1778663574.863671,1778663574.690315,1,0.047453,0.954802,-0.163892,-0.043575,0.019273,-0.032860
18.615891,1778663574.956757,1778663574.790309,1,0.048035,0.954246,-0.162392,-0.042546,0.018409,-0.032882
18.728072,1778663575.068939,1778663574.890329,1,0.047989,0.954157,-0.165274,-0.042853,0.019961,-0.032407
18.827223,1778663575.168091,1778663574.990324,1,0.048403,0.954029,-0.164417,-0.044179,0.019702,-0.032606
18.923563,1778663575.264437,1778663575.090299,1,0.047799,0.954096,-0.163204,-0.043423,0.018650,-0.032892
19.022624,1778663575.363488,1778663575.190404,1,0.048102,0.953870,-0.165072,-0.043755,0.020231,-0.032461
19.151991,1778663575.492903,1778663575.294851,1,0.050060,0.951943,-0.164659,-0.042176,0.024436,-0.032527
19.223646,1778663575.564535,1778663575.390309,1,0.047771,0.954309,-0.163293,-0.042589,0.019710,-0.032648
19.329812,1778663575.670691,1778663575.490353,1,0.047815,0.953668,-0.165339,-0.043700,0.019884,-0.032257
19.423045,1778663575.763911,1778663575.590442,1,0.048147,0.954073,-0.162561,-0.043423,0.019159,-0.032632
19.527598,1778663575.868462,1778663575.690391,1,0.047759,0.954731,-0.162744,-0.045195,0.019194,-0.032519
19.624016,1778663575.964882,1778663575.790378,1,0.049013,0.953081,-0.161157,-0.042660,0.018007,-0.032762
19.734953,1778663576.075824,1778663575.890774,1,0.048717,0.953662,-0.163629,-0.041704,0.021127,-0.032680
19.820395,1778663576.161270,1778663575.990347,1,0.047967,0.954018,-0.164737,-0.043306,0.019349,-0.032546
19.927150,1778663576.268019,1778663576.090749,1,0.048351,0.953518,-0.164653,-0.043067,0.018732,-0.032534
20.018559,1778663576.359429,1778663576.190450,1,0.047643,0.954518,-0.163117,-0.043704,0.019544,-0.032321
20.111276,1778663576.452139,1778663576.294803,1,0.051525,0.950935,-0.163230,-0.043514,0.025281,-0.032417
20.233744,1778663576.574611,1778663576.390397,1,0.048385,0.954235,-0.163317,-0.043128,0.020625,-0.032417
20.331910,1778663576.672781,1778663576.490336,1,0.046953,0.955782,-0.164725,-0.041811,0.019517,-0.032163
20.424733,1778663576.765603,1778663576.590332,1,0.047366,0.953958,-0.163646,-0.043970,0.020002,-0.032315
20.526596,1778663576.867462,1778663576.690422,1,0.047694,0.955024,-0.164410,-0.042492,0.019205,-0.032298
20.624567,1778663576.965436,1778663576.790360,1,0.048494,0.953621,-0.162557,-0.044530,0.020149,-0.032533
20.722911,1778663577.063773,1778663576.890347,1,0.048103,0.954031,-0.162107,-0.041864,0.019752,-0.032490
20.823853,1778663577.164726,1778663576.990769,1,0.049164,0.952771,-0.162557,-0.044025,0.019597,-0.032735
20.941030,1778663577.281902,1778663577.090405,1,0.047791,0.954835,-0.162788,-0.042641,0.019360,-0.032609
21.017916,1778663577.358788,1778663577.190374,1,0.047802,0.954433,-0.164239,-0.042942,0.019081,-0.032544
21.122483,1778663577.463348,1778663577.296811,1,0.051031,0.951233,-0.164238,-0.043481,0.024907,-0.032596
21.222064,1778663577.562928,1778663577.390494,1,0.048026,0.954487,-0.163360,-0.044272,0.020089,-0.032616
21.335692,1778663577.676559,1778663577.490747,1,0.046992,0.954468,-0.163348,-0.042178,0.019235,-0.032375
21.419404,1778663577.760268,1778663577.590387,1,0.048137,0.953700,-0.163801,-0.042032,0.018987,-0.032756
21.535881,1778663577.876749,1778663577.690364,1,0.047619,0.954460,-0.163747,-0.045079,0.019468,-0.032170
21.624229,1778663577.965101,1778663577.790547,1,0.048276,0.953743,-0.163694,-0.044589,0.019501,-0.032510
21.723999,1778663578.064868,1778663577.890626,1,0.048167,0.954495,-0.163266,-0.040679,0.020305,-0.032592
21.821281,1778663578.162151,1778663577.990356,1,0.047693,0.954853,-0.164395,-0.044868,0.019826,-0.032306
21.929226,1778663578.270091,1778663578.090756,1,0.047946,0.954580,-0.163280,-0.042550,0.020539,-0.032589
22.038206,1778663578.379069,1778663578.190402,1,0.048209,0.954588,-0.162252,-0.041646,0.019302,-0.032597
22.131626,1778663578.472495,1778663578.294842,1,0.049969,0.951619,-0.165502,-0.043559,0.023890,-0.032317
22.225272,1778663578.566138,1778663578.390447,1,0.048217,0.953592,-0.162634,-0.043674,0.019662,-0.032413
22.325143,1778663578.666014,1778663578.490403,1,0.047449,0.954951,-0.163207,-0.044203,0.019254,-0.032384
22.430501,1778663578.771370,1778663578.590454,1,0.048837,0.953241,-0.164468,-0.043636,0.018821,-0.032277
22.582157,1778663578.923025,1778663578.690548,1,0.048015,0.953964,-0.164253,-0.042854,0.019323,-0.032353
22.618302,1778663578.959177,1778663578.790810,1,0.048596,0.953381,-0.163245,-0.043467,0.020030,-0.032467
22.742863,1778663579.083728,1778663578.890653,1,0.048161,0.954045,-0.163943,-0.043437,0.019560,-0.032461
22.814724,1778663579.155587,1778663578.990777,1,0.048021,0.954433,-0.164572,-0.044889,0.020019,-0.032183
22.933452,1778663579.274319,1778663579.090412,1,0.048658,0.953082,-0.164182,-0.045181,0.018504,-0.032239
23.024087,1778663579.364961,1778663579.190464,1,0.048269,0.954824,-0.162648,-0.044230,0.018985,-0.032543
23.113074,1778663579.453938,1778663579.295553,1,0.050972,0.951584,-0.164669,-0.043496,0.023990,-0.032498
23.256568,1778663579.597439,1778663579.390630,1,0.048291,0.954383,-0.163740,-0.044236,0.020159,-0.032652
23.328971,1778663579.669837,1778663579.490403,1,0.046857,0.955841,-0.164769,-0.041895,0.019364,-0.032366
23.422718,1778663579.763587,1778663579.590856,1,0.048080,0.954060,-0.163607,-0.042919,0.017325,-0.032773
23.531139,1778663579.872016,1778663579.690411,1,0.048295,0.953961,-0.164913,-0.042890,0.018754,-0.032817
23.624773,1778663579.965642,1778663579.790486,1,0.048426,0.953932,-0.162388,-0.042545,0.020015,-0.032807
23.717916,1778663580.058781,1778663579.890472,1,0.048894,0.954221,-0.163053,-0.043947,0.020302,-0.032614
23.838276,1778663580.179139,1778663579.990701,1,0.048274,0.953342,-0.164205,-0.041790,0.020035,-0.032695
23.924097,1778663580.264964,1778663580.090502,1,0.048723,0.953556,-0.163731,-0.042898,0.019624,-0.032663
24.014278,1778663580.355147,1778663580.190838,1,0.048993,0.952650,-0.162743,-0.043571,0.018047,-0.032750
24.118598,1778663580.459464,1778663580.294894,1,0.050675,0.951322,-0.163811,-0.044958,0.023855,-0.032733
24.219930,1778663580.560796,1778663580.390432,1,0.048390,0.953784,-0.164254,-0.043639,0.019795,-0.032751
24.330694,1778663580.671559,1778663580.490433,1,0.047917,0.954526,-0.164262,-0.042503,0.021076,-0.032816
24.439837,1778663580.780703,1778663580.590427,1,0.048539,0.953092,-0.164791,-0.044016,0.019140,-0.032749
24.529927,1778663580.870791,1778663580.690425,1,0.048513,0.953472,-0.164280,-0.044854,0.020669,-0.032757
24.619977,1778663580.960841,1778663580.790435,1,0.048552,0.953233,-0.162638,-0.043403,0.020328,-0.032975
24.724059,1778663581.064930,1778663580.890463,1,0.048144,0.953734,-0.164237,-0.043214,0.018223,-0.032671
24.837643,1778663581.178505,1778663580.990413,1,0.048135,0.954953,-0.164707,-0.040905,0.019145,-0.032914
24.922559,1778663581.263425,1778663581.090716,1,0.048019,0.954701,-0.162924,-0.041650,0.019790,-0.032671
25.016342,1778663581.357215,1778663581.190434,1,0.048690,0.952948,-0.163310,-0.044188,0.020194,-0.032409
25.132978,1778663581.473845,1778663581.295036,1,0.050910,0.951308,-0.163218,-0.044144,0.024546,-0.032587
25.224937,1778663581.565804,1778663581.390437,1,0.047808,0.954449,-0.163802,-0.044881,0.019384,-0.032407
25.333756,1778663581.674625,1778663581.490602,1,0.047964,0.954448,-0.165326,-0.042754,0.020490,-0.032462
25.424415,1778663581.765283,1778663581.590553,1,0.048095,0.954248,-0.163349,-0.042914,0.019514,-0.032426
25.526674,1778663581.867557,1778663581.690720,1,0.047441,0.954183,-0.162855,-0.044640,0.019722,-0.032451
25.626952,1778663581.967824,1778663581.791070,1,0.048780,0.953775,-0.164138,-0.043046,0.019786,-0.032748
25.721475,1778663582.062348,1778663581.890450,1,0.047522,0.954910,-0.164353,-0.043334,0.020488,-0.032712
25.831144,1778663582.172013,1778663581.990699,1,0.048620,0.954491,-0.162903,-0.044474,0.018851,-0.032803
25.921898,1778663582.262769,1778663582.090528,1,0.047717,0.955192,-0.162347,-0.042715,0.019316,-0.033075
26.050247,1778663582.391109,1778663582.190452,1,0.047967,0.954938,-0.161894,-0.047960,0.020515,-0.032273
26.136113,1778663582.476986,1778663582.295183,1,0.051729,0.949299,-0.161687,-0.044307,0.022556,-0.032678
26.213755,1778663582.554620,1778663582.390461,1,0.048823,0.952930,-0.162413,-0.047992,0.020624,-0.032438
26.322757,1778663582.663628,1778663582.490482,1,0.048180,0.954286,-0.164719,-0.049052,0.020411,-0.032239
26.436566,1778663582.777431,1778663582.590673,1,0.048883,0.952442,-0.166533,-0.048300,0.019166,-0.032138
26.539433,1778663582.880297,1778663582.690469,1,0.047980,0.953611,-0.164758,-0.046728,0.018399,-0.032262
26.630865,1778663582.971731,1778663582.790546,1,0.047677,0.953217,-0.164839,-0.046589,0.019807,-0.032369
26.716269,1778663583.057134,1778663582.890708,1,0.048112,0.953988,-0.164410,-0.045445,0.018578,-0.033471
26.835085,1778663583.175976,1778663582.990485,1,0.048274,0.953870,-0.163429,-0.046312,0.020441,-0.033714
26.918199,1778663583.259068,1778663583.090484,1,0.048201,0.953866,-0.164083,-0.045876,0.020260,-0.033939
27.023307,1778663583.364175,1778663583.190706,1,0.048430,0.953536,-0.162505,-0.045495,0.019669,-0.033767
27.115671,1778663583.456535,1778663583.295173,1,0.051255,0.951606,-0.166546,-0.043144,0.024389,-0.033477
27.237561,1778663583.578440,1778663583.390470,1,0.047909,0.953604,-0.165692,-0.045667,0.019427,-0.033498
27.314121,1778663583.654985,1778663583.490472,1,0.048305,0.953590,-0.163096,-0.045358,0.018664,-0.033663
27.423607,1778663583.764470,1778663583.590458,1,0.048062,0.953955,-0.164341,-0.046813,0.020393,-0.033371
27.529754,1778663583.870619,1778663583.690596,1,0.049014,0.953572,-0.164517,-0.045627,0.020256,-0.033348
27.631536,1778663583.972400,1778663583.790486,1,0.047850,0.953855,-0.164026,-0.045514,0.019669,-0.033401
27.720611,1778663584.061475,1778663583.890664,1,0.048674,0.953900,-0.164418,-0.046304,0.020361,-0.033209
27.822067,1778663584.162939,1778663583.990583,1,0.049025,0.953242,-0.165794,-0.045580,0.019944,-0.033363
27.928892,1778663584.269757,1778663584.090492,1,0.048394,0.954246,-0.164810,-0.045154,0.019592,-0.033472
28.023314,1778663584.364198,1778663584.190526,1,0.048271,0.953761,-0.163445,-0.044743,0.021242,-0.033165
28.128759,1778663584.469626,1778663584.295204,1,0.051199,0.950858,-0.163472,-0.044018,0.022826,-0.033389
28.220131,1778663584.560998,1778663584.390539,1,0.047691,0.954133,-0.163739,-0.045235,0.019516,-0.033153
28.341045,1778663584.681911,1778663584.490802,1,0.048661,0.953805,-0.165397,-0.046273,0.020000,-0.033145
28.427710,1778663584.768577,1778663584.590747,1,0.047925,0.954833,-0.163382,-0.042327,0.020353,-0.033561
28.521030,1778663584.861900,1778663584.691080,1,0.047721,0.954650,-0.163614,-0.044385,0.020875,-0.033399
28.637319,1778663584.978184,1778663584.791008,1,0.048349,0.953842,-0.163878,-0.044618,0.018910,-0.033312
28.726488,1778663585.067356,1778663584.891292,1,0.048472,0.953173,-0.163675,-0.046006,0.019233,-0.033173
28.844118,1778663585.184980,1778663584.990506,1,0.047475,0.954417,-0.164165,-0.044397,0.020411,-0.033158
28.929855,1778663585.270724,1778663585.090502,1,0.048915,0.953556,-0.167232,-0.045580,0.021124,-0.033057
29.045695,1778663585.386572,1778663585.190501,1,0.047894,0.954464,-0.164786,-0.044671,0.020085,-0.033330
29.125065,1778663585.465931,1778663585.294990,1,0.051425,0.950921,-0.165486,-0.044730,0.023763,-0.033440
29.258482,1778663585.599344,1778663585.390522,1,0.049354,0.952909,-0.162822,-0.042708,0.019029,-0.033207
29.321684,1778663585.662557,1778663585.490521,1,0.048313,0.953715,-0.163427,-0.041334,0.018903,-0.033370
29.420547,1778663585.761412,1778663585.590419,1,0.047864,0.954223,-0.165317,-0.043601,0.020688,-0.033105
29.533435,1778663585.874300,1778663585.690724,1,0.048294,0.953903,-0.165083,-0.047065,0.020056,-0.032901
29.640662,1778663585.981537,1778663585.790517,1,0.048371,0.953710,-0.164396,-0.045228,0.021271,-0.032918
29.724079,1778663586.064947,1778663585.890960,1,0.048624,0.953036,-0.163528,-0.043951,0.019353,-0.033216
29.837092,1778663586.177976,1778663585.990685,1,0.048567,0.953975,-0.164446,-0.046489,0.021017,-0.032878
29.932934,1778663586.273801,1778663586.090537,1,0.048299,0.953941,-0.164556,-0.045033,0.019818,-0.032871
30.022915,1778663586.363777,1778663586.190534,1,0.047423,0.954160,-0.165763,-0.043578,0.019178,-0.032824
30.125361,1778663586.466234,1778663586.295081,1,0.050832,0.951588,-0.166023,-0.043601,0.023666,-0.033049
30.233314,1778663586.574178,1778663586.390601,1,0.047680,0.954385,-0.164922,-0.044059,0.020263,-0.032923
30.327812,1778663586.668678,1778663586.490855,1,0.049101,0.952918,-0.163778,-0.042177,0.019214,-0.032989
30.432275,1778663586.773141,1778663586.590554,1,0.047356,0.954807,-0.164896,-0.045995,0.018403,-0.032870
30.531918,1778663586.872787,1778663586.690773,1,0.048357,0.953745,-0.163794,-0.044792,0.019989,-0.033276
30.625529,1778663586.966399,1778663586.790907,1,0.048833,0.953121,-0.164287,-0.046331,0.019997,-0.033505
30.717704,1778663587.058568,1778663586.890561,1,0.047952,0.954608,-0.163429,-0.044754,0.019542,-0.033325
30.822916,1778663587.163795,1778663586.991125,1,0.048640,0.953715,-0.162907,-0.045293,0.020016,-0.033359
30.931661,1778663587.272527,1778663587.090631,1,0.048780,0.952971,-0.165461,-0.043663,0.018622,-0.033252
31.025334,1778663587.366205,1778663587.190563,1,0.048659,0.952564,-0.164807,-0.043889,0.019694,-0.033049
31.127967,1778663587.468837,1778663587.295205,1,0.050742,0.950994,-0.166130,-0.044379,0.024231,-0.033608
31.237313,1778663587.578177,1778663587.390955,1,0.048149,0.953407,-0.164094,-0.043817,0.020735,-0.033263
31.323898,1778663587.664763,1778663587.490607,1,0.048557,0.953849,-0.164408,-0.042854,0.019921,-0.033404
31.439941,1778663587.780806,1778663587.590556,1,0.048275,0.953284,-0.163414,-0.043991,0.019489,-0.033395
31.525184,1778663587.866050,1778663587.690581,1,0.047901,0.953804,-0.162850,-0.041971,0.021153,-0.033286
31.628979,1778663587.969846,1778663587.790604,1,0.047772,0.954043,-0.165394,-0.044207,0.018848,-0.033408
31.720531,1778663588.061400,1778663587.890561,1,0.047957,0.954331,-0.164530,-0.041897,0.020426,-0.033715
31.815132,1778663588.156001,1778663587.990857,1,0.048693,0.953809,-0.163784,-0.043938,0.019505,-0.033555
57.024557,1778663613.365426,1778663613.191044,1,0.048240,0.953709,-0.160217,-0.041493,0.020192,-0.034224
57.133711,1778663613.474574,1778663613.295707,1,0.050925,0.951211,-0.163470,-0.042232,0.023511,-0.033824
57.216333,1778663613.557197,1778663613.391262,1,0.048592,0.952730,-0.162940,-0.044169,0.019955,-0.034117
57.325849,1778663613.666718,1778663613.491076,1,0.048283,0.954316,-0.162740,-0.044423,0.020531,-0.033878
57.421820,1778663613.762692,1778663613.591074,1,0.048539,0.953233,-0.163291,-0.042745,0.019897,-0.034032
57.532393,1778663613.873261,1778663613.691056,1,0.047224,0.955030,-0.163644,-0.041627,0.021704,-0.034179
57.630794,1778663613.971660,1778663613.791093,1,0.048443,0.953626,-0.162823,-0.043183,0.019690,-0.033910
57.725106,1778663614.065983,1778663613.891070,1,0.048718,0.952969,-0.162665,-0.043320,0.020353,-0.034049
57.818521,1778663614.159403,1778663613.991076,1,0.049074,0.952829,-0.162117,-0.045024,0.019212,-0.034066
57.928301,1778663614.269196,1778663614.091079,1,0.048609,0.952997,-0.164312,-0.042880,0.021200,-0.034007
58.022611,1778663614.363476,1778663614.191319,1,0.048826,0.952925,-0.162945,-0.044575,0.020408,-0.034143
58.154296,1778663614.495162,1778663614.295548,1,0.051470,0.950986,-0.164882,-0.042623,0.024332,-0.034015
58.238988,1778663614.579870,1778663614.391086,1,0.048343,0.952913,-0.164131,-0.043884,0.018995,-0.034001
58.330904,1778663614.671784,1778663614.491125,1,0.047570,0.954751,-0.165357,-0.043545,0.021805,-0.033794
58.423455,1778663614.764317,1778663614.591115,1,0.048738,0.952850,-0.163833,-0.043244,0.018488,-0.034202
58.519067,1778663614.859942,1778663614.691298,1,0.048955,0.953072,-0.163373,-0.045986,0.020969,-0.033972
58.618109,1778663614.958980,1778663614.791520,1,0.048424,0.953405,-0.164140,-0.042973,0.021319,-0.034015
58.762660,1778663615.103534,1778663614.891089,1,0.048781,0.953560,-0.162648,-0.043215,0.021401,-0.034103
58.829438,1778663615.170302,1778663614.991086,1,0.047596,0.954659,-0.162577,-0.042735,0.021155,-0.034175
58.974282,1778663615.315152,1778663615.091146,1,0.048196,0.953823,-0.164975,-0.043550,0.020367,-0.034032
59.028486,1778663615.369353,1778663615.191108,1,0.048035,0.953636,-0.164602,-0.047040,0.019217,-0.033901
59.122742,1778663615.463615,1778663615.296436,1,0.051134,0.950336,-0.165520,-0.045957,0.024164,-0.033793
59.219798,1778663615.560666,1778663615.391091,1,0.047307,0.954436,-0.162528,-0.043785,0.019675,-0.034126
59.320653,1778663615.661519,1778663615.491123,1,0.047841,0.953732,-0.164776,-0.043766,0.019343,-0.033897
59.422862,1778663615.763734,1778663615.591436,1,0.047943,0.953608,-0.166515,-0.044190,0.020997,-0.033809
59.520687,1778663615.861554,1778663615.691204,1,0.048366,0.953933,-0.163290,-0.046486,0.020556,-0.033879
59.625279,1778663615.966174,1778663615.791418,1,0.047654,0.954371,-0.162766,-0.043201,0.020475,-0.034295
59.721300,1778663616.062171,1778663615.891442,1,0.048071,0.954394,-0.164420,-0.044010,0.019490,-0.033850
59.829404,1778663616.170308,1778663615.991099,1,0.048533,0.953353,-0.164120,-0.045894,0.020116,-0.033750
59.921344,1778663616.262214,1778663616.091715,1,0.048261,0.954414,-0.163768,-0.044893,0.021644,-0.033992
60.047964,1778663616.388828,1778663616.191311,1,0.047881,0.954157,-0.164540,-0.044820,0.021161,-0.034031
60.120701,1778663616.461569,1778663616.295593,1,0.051662,0.950273,-0.164793,-0.044376,0.024870,-0.033893
60.224944,1778663616.565807,1778663616.391112,1,0.047865,0.954514,-0.164404,-0.042989,0.020195,-0.034341
60.326475,1778663616.667341,1778663616.491134,1,0.048965,0.952959,-0.164497,-0.043348,0.020795,-0.034237
60.425623,1778663616.766486,1778663616.591502,1,0.047161,0.954976,-0.164153,-0.044077,0.020161,-0.034041
60.518572,1778663616.859438,1778663616.691489,1,0.047429,0.954507,-0.165014,-0.043922,0.019705,-0.034044
60.623534,1778663616.964402,1778663616.791133,1,0.048345,0.954352,-0.164502,-0.044657,0.019788,-0.034078
60.772898,1778663617.113775,1778663616.891125,1,0.048404,0.953516,-0.164223,-0.042633,0.020186,-0.034036
60.820698,1778663617.161572,1778663616.991246,1,0.048178,0.953681,-0.164702,-0.042098,0.021528,-0.033971
60.927342,1778663617.268210,1778663617.091282,1,0.047960,0.954981,-0.163815,-0.043592,0.019961,-0.034300
61.029234,1778663617.370099,1778663617.191125,1,0.048540,0.952707,-0.162983,-0.043510,0.020319,-0.034048
61.133421,1778663617.474298,1778663617.295710,1,0.050864,0.951862,-0.165008,-0.043121,0.025272,-0.034412
61.235664,1778663617.576531,1778663617.391209,1,0.047465,0.955391,-0.164356,-0.041911,0.019793,-0.033919
61.327891,1778663617.668758,1778663617.491182,1,0.048426,0.952959,-0.164323,-0.043990,0.019583,-0.034226
61.424835,1778663617.765706,1778663617.591143,1,0.047535,0.954685,-0.164212,-0.043349,0.020552,-0.034048
61.548710,1778663617.889575,1778663617.691124,1,0.047930,0.953933,-0.165994,-0.040553,0.020946,-0.034312
61.625939,1778663617.966805,1778663617.791137,1,0.047864,0.954405,-0.165271,-0.043575,0.019811,-0.034121
61.724429,1778663618.065296,1778663617.891135,1,0.048527,0.953520,-0.164535,-0.043451,0.021138,-0.034229
61.854810,1778663618.195681,1778663617.991224,1,0.048692,0.953803,-0.164649,-0.045603,0.019607,-0.034015
61.918848,1778663618.259719,1778663618.091161,1,0.047946,0.954024,-0.163522,-0.046060,0.019426,-0.034108
62.040601,1778663618.381466,1778663618.191736,1,0.048808,0.954110,-0.163236,-0.043482,0.019651,-0.034222
62.131617,1778663618.472479,1778663618.296211,1,0.050852,0.950750,-0.165799,-0.042610,0.024810,-0.034195
62.234645,1778663618.575510,1778663618.391164,1,0.048251,0.953415,-0.163553,-0.043417,0.019727,-0.034184
62.318950,1778663618.659821,1778663618.491561,1,0.047235,0.955157,-0.163444,-0.041846,0.019444,-0.033950
62.420851,1778663618.761726,1778663618.591241,1,0.048000,0.954188,-0.164174,-0.045062,0.018949,-0.034065
62.555407,1778663618.896269,1778663618.691321,1,0.048755,0.952886,-0.161850,-0.044221,0.020674,-0.034035
62.626250,1778663618.967124,1778663618.791260,1,0.048771,0.953128,-0.165035,-0.044093,0.020542,-0.033983
62.732994,1778663619.073859,1778663618.891227,1,0.048014,0.954421,-0.162753,-0.041750,0.020443,-0.034399
62.822289,1778663619.163154,1778663618.991186,1,0.048184,0.954569,-0.164195,-0.045187,0.020396,-0.034097
62.929456,1778663619.270327,1778663619.091622,1,0.048392,0.953359,-0.164915,-0.043118,0.020970,-0.034104
63.030255,1778663619.371119,1778663619.191195,1,0.047610,0.954904,-0.164367,-0.042879,0.019987,-0.034092
63.125916,1778663619.466787,1778663619.295670,1,0.051046,0.951078,-0.164758,-0.043433,0.022680,-0.034156
63.242454,1778663619.583329,1778663619.391770,1,0.048838,0.953137,-0.164686,-0.043273,0.019902,-0.033969
63.348384,1778663619.689251,1778663619.491184,1,0.047877,0.954221,-0.162754,-0.045549,0.019774,-0.034102
63.419930,1778663619.760796,1778663619.591754,1,0.048897,0.952768,-0.164652,-0.044369,0.020930,-0.034129
63.534050,1778663619.874914,1778663619.691168,1,0.047789,0.955026,-0.164806,-0.046053,0.020988,-0.034097
63.626650,1778663619.967518,1778663619.791177,1,0.048431,0.953434,-0.164636,-0.043454,0.018385,-0.034213
63.726560,1778663620.067429,1778663619.891354,1,0.047008,0.954751,-0.165495,-0.044874,0.021284,-0.033901
63.844604,1778663620.185470,1778663619.991194,1,0.048562,0.953266,-0.162876,-0.042111,0.019865,-0.034248
63.920344,1778663620.261209,1778663620.091513,1,0.048919,0.953170,-0.164385,-0.042894,0.022122,-0.034238
64.021134,1778663620.361998,1778663620.191450,1,0.048035,0.954272,-0.165097,-0.043964,0.019442,-0.033814
64.139424,1778663620.480300,1778663620.296212,1,0.050440,0.951494,-0.164860,-0.042778,0.024411,-0.034121
64.234303,1778663620.575169,1778663620.391215,1,0.047916,0.953608,-0.165268,-0.044665,0.019102,-0.034330
64.320162,1778663620.661027,1778663620.491214,1,0.048324,0.952791,-0.163293,-0.044683,0.020010,-0.034010
64.446478,1778663620.787349,1778663620.591211,1,0.047096,0.955592,-0.165440,-0.043527,0.020909,-0.034284
64.527658,1778663620.868526,1778663620.691207,1,0.048482,0.953844,-0.164383,-0.041929,0.019363,-0.034095
64.625940,1778663620.966805,1778663620.791278,1,0.048688,0.953093,-0.166245,-0.045209,0.020931,-0.034083
64.728781,1778663621.069657,1778663620.891208,1,0.048665,0.953369,-0.163107,-0.045145,0.020716,-0.034164
64.816871,1778663621.157741,1778663620.991249,1,0.047629,0.954592,-0.163940,-0.042536,0.020075,-0.033967
64.923213,1778663621.264083,1778663621.091241,1,0.047756,0.954206,-0.164172,-0.044804,0.020582,-0.034217
65.035241,1778663621.376106,1778663621.191130,1,0.048685,0.953411,-0.165026,-0.044507,0.020979,-0.034063
65.117517,1778663621.458386,1778663621.295670,1,0.051364,0.951237,-0.165117,-0.041513,0.025048,-0.034089
65.235583,1778663621.576446,1778663621.391973,1,0.047646,0.954208,-0.164376,-0.043359,0.019736,-0.033996
65.337282,1778663621.678148,1778663621.491699,1,0.048270,0.953681,-0.164679,-0.046470,0.019716,-0.033801
65.431828,1778663621.772696,1778663621.591668,1,0.047489,0.954604,-0.164968,-0.043337,0.019475,-0.034255
65.545943,1778663621.886810,1778663621.691226,1,0.048295,0.953873,-0.165423,-0.042760,0.020069,-0.034368
65.618633,1778663621.959496,1778663621.791438,1,0.048838,0.954152,-0.164649,-0.044746,0.019964,-0.034172
65.726420,1778663622.067290,1778663621.891232,1,0.048799,0.953317,-0.163702,-0.044186,0.019837,-0.033944
65.826373,1778663622.167239,1778663621.991430,1,0.047918,0.953734,-0.163680,-0.045595,0.020371,-0.033992
65.941260,1778663622.282127,1778663622.091279,1,0.048742,0.953329,-0.163648,-0.044999,0.021065,-0.034245
66.028151,1778663622.369019,1778663622.191226,1,0.047474,0.954856,-0.165440,-0.044754,0.018886,-0.033867
66.118366,1778663622.459233,1778663622.295709,1,0.050857,0.951104,-0.165846,-0.043677,0.023579,-0.034166
66.226555,1778663622.567420,1778663622.391253,1,0.047872,0.954795,-0.166101,-0.043683,0.020251,-0.033971
66.329749,1778663622.670616,1778663622.491256,1,0.048431,0.953200,-0.163513,-0.044493,0.019874,-0.033758
66.416512,1778663622.757376,1778663622.591476,1,0.048950,0.952577,-0.165419,-0.043966,0.019608,-0.033856
66.523187,1778663622.864063,1778663622.691238,1,0.048833,0.953097,-0.164903,-0.045980,0.019964,-0.034120
66.630773,1778663622.971649,1778663622.791275,1,0.048020,0.954344,-0.163822,-0.043826,0.019792,-0.034394
66.743246,1778663623.084110,1778663622.891273,1,0.048528,0.953832,-0.165606,-0.043922,0.020594,-0.034139
66.821260,1778663623.162126,1778663622.991374,1,0.047585,0.955451,-0.164411,-0.044242,0.019894,-0.034105
66.936402,1778663623.277265,1778663623.091263,1,0.048428,0.953717,-0.164136,-0.041350,0.020238,-0.034064
67.037640,1778663623.378507,1778663623.191242,1,0.047956,0.954744,-0.162869,-0.043046,0.019849,-0.033891
67.124118,1778663623.464986,1778663623.295965,1,0.050688,0.951616,-0.165634,-0.044571,0.025301,-0.033946
67.241912,1778663623.582784,1778663623.391561,1,0.048163,0.952523,-0.163732,-0.045533,0.020106,-0.033951
67.331124,1778663623.671988,1778663623.491258,1,0.047370,0.954277,-0.164793,-0.045110,0.020330,-0.034194
67.424133,1778663623.765004,1778663623.591261,1,0.048050,0.954067,-0.164927,-0.043042,0.020463,-0.033808
67.535835,1778663623.876698,1778663623.691524,1,0.047787,0.953752,-0.165580,-0.045093,0.019894,-0.034121
67.628583,1778663623.969448,1778663623.792157,1,0.048218,0.954070,-0.163910,-0.044567,0.019482,-0.034206
67.720785,1778663624.061651,1778663623.891710,1,0.047808,0.954266,-0.163291,-0.042937,0.021192,-0.034199
67.843828,1778663624.184693,1778663623.991844,1,0.048463,0.953632,-0.164364,-0.043421,0.021134,-0.034133
67.934493,1778663624.275360,1778663624.091802,1,0.048784,0.953021,-0.163658,-0.044975,0.019777,-0.034016
68.018998,1778663624.359870,1778663624.191594,1,0.048488,0.954108,-0.164219,-0.043557,0.019884,-0.034022
68.128992,1778663624.469860,1778663624.295719,1,0.051114,0.950587,-0.166230,-0.043601,0.023999,-0.033849
68.229511,1778663624.570377,1778663624.391280,1,0.047806,0.954034,-0.164620,-0.044729,0.020174,-0.034111
68.333011,1778663624.673877,1778663624.491298,1,0.048016,0.953482,-0.164773,-0.044139,0.020648,-0.034075
68.416142,1778663624.757005,1778663624.591531,1,0.048230,0.953152,-0.164733,-0.043575,0.020073,-0.034372
68.526107,1778663624.866974,1778663624.691359,1,0.047953,0.954224,-0.164994,-0.045836,0.020377,-0.033561
68.633996,1778663624.974860,1778663624.791275,1,0.048063,0.953660,-0.163882,-0.046219,0.018108,-0.034389
68.735500,1778663625.076367,1778663624.891299,1,0.048319,0.953558,-0.163669,-0.046210,0.020240,-0.033982
68.821033,1778663625.161897,1778663624.991441,1,0.049008,0.952600,-0.162927,-0.044075,0.019040,-0.034153
68.937114,1778663625.277978,1778663625.091293,1,0.047754,0.954542,-0.163892,-0.045495,0.019907,-0.034237
69.028453,1778663625.369332,1778663625.191417,1,0.048574,0.954040,-0.164536,-0.043226,0.020620,-0.033953
69.133609,1778663625.474480,1778663625.296054,1,0.051552,0.949968,-0.164788,-0.043252,0.024913,-0.033934
69.231834,1778663625.572698,1778663625.391359,1,0.049489,0.952071,-0.163911,-0.043949,0.019406,-0.034003
69.332092,1778663625.672960,1778663625.491794,1,0.048424,0.952682,-0.163928,-0.043253,0.019486,-0.034173
69.431968,1778663625.772835,1778663625.592068,1,0.047720,0.954005,-0.165574,-0.044105,0.020540,-0.034161
69.520974,1778663625.861837,1778663625.691242,1,0.048148,0.953949,-0.164355,-0.044461,0.020420,-0.033841
69.629812,1778663625.970680,1778663625.791300,1,0.048016,0.954055,-0.166337,-0.043178,0.020064,-0.033892
69.730052,1778663626.070920,1778663625.891290,1,0.048800,0.953397,-0.164515,-0.043744,0.020291,-0.034103
69.822590,1778663626.163457,1778663625.991404,1,0.047923,0.954518,-0.163599,-0.042595,0.019675,-0.033997
69.919864,1778663626.260730,1778663626.091424,1,0.048245,0.954181,-0.163531,-0.042757,0.019828,-0.034167
70.029967,1778663626.370831,1778663626.191328,1,0.047711,0.954600,-0.163699,-0.042940,0.021277,-0.033991
70.120757,1778663626.461622,1778663626.295773,1,0.050704,0.951509,-0.164504,-0.044837,0.024654,-0.034066
70.228955,1778663626.569832,1778663626.391327,1,0.048185,0.953641,-0.164071,-0.044524,0.019228,-0.034027
70.322085,1778663626.662953,1778663626.491616,1,0.046735,0.954892,-0.164266,-0.043342,0.019366,-0.034182
70.452303,1778663626.793172,1778663626.591820,1,0.047941,0.954014,-0.164651,-0.043637,0.019933,-0.033932
70.523795,1778663626.864682,1778663626.691787,1,0.047876,0.954168,-0.164802,-0.043358,0.020442,-0.034047
70.630995,1778663626.971867,1778663626.791328,1,0.048380,0.953937,-0.164641,-0.043500,0.020601,-0.034000
70.747477,1778663627.088339,1778663626.891685,1,0.048179,0.954324,-0.164490,-0.044175,0.020780,-0.034122
70.828237,1778663627.169103,1778663626.991380,1,0.048796,0.953663,-0.165091,-0.043570,0.020038,-0.034130
70.929074,1778663627.269941,1778663627.091653,1,0.048815,0.953260,-0.165281,-0.044854,0.019159,-0.033978
71.041113,1778663627.381988,1778663627.191317,1,0.048236,0.953310,-0.164588,-0.045172,0.019006,-0.034007
71.122501,1778663627.463384,1778663627.296462,1,0.051536,0.949765,-0.163980,-0.043898,0.023320,-0.033939
71.223740,1778663627.564607,1778663627.391603,1,0.047933,0.953798,-0.165361,-0.042602,0.020914,-0.034070
71.337567,1778663627.678432,1778663627.491337,1,0.048328,0.953705,-0.164217,-0.043860,0.021227,-0.034290
71.427127,1778663627.767995,1778663627.591843,1,0.047727,0.954456,-0.164355,-0.043040,0.019508,-0.034280
71.528865,1778663627.869730,1778663627.691983,1,0.048634,0.952938,-0.163582,-0.043781,0.019365,-0.034339
71.634010,1778663627.974873,1778663627.791942,1,0.048143,0.954085,-0.164154,-0.045370,0.019431,-0.033854
71.732809,1778663628.073697,1778663627.891465,1,0.048020,0.954098,-0.164621,-0.043347,0.019751,-0.034190
71.828597,1778663628.169460,1778663627.991352,1,0.048113,0.953423,-0.164085,-0.044865,0.019306,-0.033989
71.925496,1778663628.266363,1778663628.091368,1,0.047455,0.954246,-0.163994,-0.044221,0.019828,-0.034141
72.032875,1778663628.373745,1778663628.191906,1,0.047727,0.953986,-0.165736,-0.041508,0.020374,-0.033971
72.128909,1778663628.469784,1778663628.296106,1,0.050139,0.951787,-0.166256,-0.045120,0.025994,-0.033801
72.260022,1778663628.600883,1778663628.391589,1,0.048767,0.952426,-0.165136,-0.044074,0.020147,-0.034068
72.333934,1778663628.674800,1778663628.491385,1,0.047950,0.955320,-0.163371,-0.043239,0.018824,-0.034035
72.424243,1778663628.765108,1778663628.591633,1,0.048796,0.953658,-0.163633,-0.044221,0.020400,-0.034144
72.522412,1778663628.863280,1778663628.691420,1,0.047691,0.954561,-0.165117,-0.043256,0.021785,-0.033952
72.620314,1778663628.961187,1778663628.791580,1,0.048226,0.953600,-0.165147,-0.041880,0.021312,-0.034060
72.723481,1778663629.064345,1778663628.891318,1,0.048169,0.954195,-0.165288,-0.043797,0.021014,-0.034165
72.820267,1778663629.161134,1778663628.991833,1,0.048172,0.953774,-0.164154,-0.043619,0.020316,-0.034137
72.933043,1778663629.273914,1778663629.091508,1,0.047784,0.954305,-0.165803,-0.044487,0.021194,-0.033829
73.024481,1778663629.365347,1778663629.191360,1,0.047958,0.954165,-0.163857,-0.044111,0.020404,-0.034010
73.129134,1778663629.470001,1778663629.296934,1,0.051164,0.951764,-0.163211,-0.043902,0.024118,-0.034091
73.221115,1778663629.561980,1778663629.391608,1,0.048482,0.953663,-0.164485,-0.045773,0.019736,-0.033843
73.336415,1778663629.677290,1778663629.491394,1,0.049467,0.952783,-0.164279,-0.043766,0.019387,-0.034077
73.420276,1778663629.761138,1778663629.591435,1,0.048169,0.953289,-0.164604,-0.044001,0.019461,-0.034181
73.515383,1778663629.856247,1778663629.691498,1,0.048558,0.953969,-0.164991,-0.042533,0.020275,-0.034103
73.624254,1778663629.965126,1778663629.791384,1,0.048543,0.953453,-0.163881,-0.044529,0.021067,-0.034020
73.731975,1778663630.072850,1778663629.891390,1,0.048712,0.952846,-0.165191,-0.042822,0.020591,-0.034153
73.835989,1778663630.176854,1778663629.991868,1,0.048462,0.953799,-0.163707,-0.044378,0.019955,-0.033911
73.930830,1778663630.271696,1778663630.091619,1,0.048876,0.953338,-0.165400,-0.043136,0.019570,-0.034200
74.033259,1778663630.374134,1778663630.191397,1,0.048353,0.953124,-0.164795,-0.043904,0.019578,-0.034061
74.131637,1778663630.472502,1778663630.296105,1,0.051187,0.950747,-0.165615,-0.042892,0.025227,-0.033873
74.234142,1778663630.575009,1778663630.391390,1,0.048078,0.953303,-0.162767,-0.043848,0.020345,-0.034060
74.329765,1778663630.670630,1778663630.491716,1,0.048485,0.953574,-0.163695,-0.045434,0.019819,-0.034111
74.420333,1778663630.761198,1778663630.591401,1,0.048626,0.953736,-0.162897,-0.045264,0.020443,-0.033921
74.523948,1778663630.864835,1778663630.691849,1,0.048105,0.953147,-0.163989,-0.043396,0.019132,-0.033931
74.622058,1778663630.962920,1778663630.791416,1,0.047424,0.955309,-0.166585,-0.042276,0.020846,-0.033998
74.724274,1778663631.065143,1778663630.891632,1,0.047549,0.954223,-0.164969,-0.043835,0.020839,-0.034110
74.819979,1778663631.160848,1778663630.991411,1,0.048809,0.953429,-0.165431,-0.044387,0.020061,-0.034092
74.932515,1778663631.273379,1778663631.091856,1,0.047874,0.954627,-0.164634,-0.045108,0.019115,-0.033861
75.029592,1778663631.370459,1778663631.191397,1,0.047481,0.954242,-0.164328,-0.044247,0.020334,-0.034048
75.119570,1778663631.460448,1778663631.296212,1,0.051366,0.951084,-0.165970,-0.043527,0.024692,-0.034138
75.228900,1778663631.569766,1778663631.391398,1,0.048530,0.953226,-0.163376,-0.042583,0.020480,-0.033929
75.321377,1778663631.662257,1778663631.491425,1,0.048373,0.952519,-0.162209,-0.041836,0.018825,-0.034188
75.437213,1778663631.778095,1778663631.591663,1,0.047721,0.953897,-0.164011,-0.043703,0.020957,-0.034136
75.531652,1778663631.872519,1778663631.691716,1,0.047690,0.954202,-0.164234,-0.043100,0.020665,-0.034015
75.622525,1778663631.963396,1778663631.791778,1,0.048034,0.953693,-0.164565,-0.044871,0.020141,-0.034087
75.729074,1778663632.069941,1778663631.891409,1,0.047525,0.954902,-0.165233,-0.045986,0.019682,-0.034188
75.828250,1778663632.169114,1778663631.991683,1,0.048359,0.953534,-0.163906,-0.044290,0.020373,-0.034105
75.925267,1778663632.266135,1778663632.091748,1,0.048707,0.952975,-0.165223,-0.043912,0.020464,-0.034070
76.014232,1778663632.355099,1778663632.191449,1,0.047984,0.954121,-0.164740,-0.044803,0.020004,-0.033890
76.122725,1778663632.463590,1778663632.296326,1,0.050670,0.951551,-0.164850,-0.044044,0.023908,-0.033929
76.241121,1778663632.581990,1778663632.391778,1,0.048794,0.953389,-0.163611,-0.042351,0.020643,-0.034049
76.327095,1778663632.667960,1778663632.491453,1,0.048077,0.953618,-0.163595,-0.043726,0.019700,-0.033972
76.426204,1778663632.767068,1778663632.591847,1,0.047957,0.954522,-0.164625,-0.045447,0.018962,-0.033985
76.532943,1778663632.873812,1778663632.691677,1,0.047756,0.953785,-0.164571,-0.044976,0.020063,-0.034034
76.627140,1778663632.968007,1778663632.791471,1,0.048736,0.953130,-0.164673,-0.046037,0.020226,-0.034333
76.757291,1778663633.098153,1778663632.891393,1,0.048343,0.952884,-0.163554,-0.043151,0.020412,-0.034094
76.827851,1778663633.168716,1778663632.991439,1,0.048764,0.952952,-0.164373,-0.043887,0.020334,-0.033938
76.916982,1778663633.257845,1778663633.091435,1,0.049109,0.952430,-0.164384,-0.042730,0.020151,-0.034082
77.048095,1778663633.388958,1778663633.192224,1,0.048222,0.954051,-0.163208,-0.041011,0.020680,-0.034142
77.119180,1778663633.460048,1778663633.296181,1,0.050813,0.951195,-0.164797,-0.042383,0.024179,-0.033969
77.224300,1778663633.565165,1778663633.391473,1,0.048581,0.953851,-0.164818,-0.044952,0.020800,-0.033979
77.331668,1778663633.672546,1778663633.491445,1,0.048335,0.953602,-0.163827,-0.046725,0.020833,-0.033968
77.433306,1778663633.774173,1778663633.591450,1,0.048444,0.953448,-0.164752,-0.043829,0.020500,-0.033919
77.526827,1778663633.867691,1778663633.691476,1,0.048446,0.954203,-0.164943,-0.043156,0.019094,-0.034011
77.636301,1778663633.977170,1778663633.791974,1,0.048683,0.953079,-0.163620,-0.042838,0.019961,-0.034075
77.732778,1778663634.073658,1778663633.891504,1,0.048383,0.954108,-0.164753,-0.043209,0.021400,-0.033910
77.829535,1778663634.170401,1778663633.991802,1,0.047988,0.954339,-0.165749,-0.045248,0.020569,-0.033936
77.931362,1778663634.272229,1778663634.091466,1,0.047972,0.953307,-0.164806,-0.044890,0.019641,-0.034228
78.028553,1778663634.369424,1778663634.191477,1,0.048387,0.953449,-0.165335,-0.041801,0.020874,-0.034062
78.130836,1778663634.471701,1778663634.295923,1,0.051637,0.950150,-0.165431,-0.043622,0.024306,-0.034242
78.231215,1778663634.572082,1778663634.391490,1,0.048302,0.954269,-0.164904,-0.045356,0.021059,-0.033797
78.324342,1778663634.665209,1778663634.491488,1,0.047550,0.954136,-0.164575,-0.042371,0.019491,-0.034443
78.431193,1778663634.772061,1778663634.591951,1,0.048968,0.952328,-0.164599,-0.044437,0.020140,-0.034022
78.529116,1778663634.869984,1778663634.691629,1,0.047689,0.954727,-0.165547,-0.043938,0.020136,-0.033980
78.622777,1778663634.963642,1778663634.791499,1,0.047715,0.954213,-0.166119,-0.043601,0.019767,-0.034017
78.716950,1778663635.057819,1778663634.891549,1,0.048524,0.953413,-0.164096,-0.044040,0.020483,-0.034150
78.823115,1778663635.163996,1778663634.991493,1,0.048068,0.954198,-0.164292,-0.044324,0.019407,-0.033763
78.926306,1778663635.267191,1778663635.091511,1,0.048449,0.953506,-0.164119,-0.042849,0.020418,-0.034202
79.032164,1778663635.373031,1778663635.191502,1,0.048066,0.953933,-0.164744,-0.042292,0.021104,-0.034118
79.124289,1778663635.465159,1778663635.296562,1,0.050779,0.951237,-0.165432,-0.041417,0.023174,-0.034218
79.240651,1778663635.581518,1778663635.391774,1,0.047427,0.954588,-0.165065,-0.043681,0.019318,-0.033960
79.326771,1778663635.667649,1778663635.491497,1,0.048979,0.952516,-0.165332,-0.044338,0.020047,-0.033861
79.429469,1778663635.770334,1778663635.591510,1,0.048663,0.952937,-0.163294,-0.045390,0.019000,-0.034082
79.535625,1778663635.876496,1778663635.691588,1,0.047645,0.953966,-0.164988,-0.044450,0.019307,-0.034043
79.627284,1778663635.968152,1778663635.791756,1,0.048185,0.953473,-0.164973,-0.044624,0.020146,-0.034092
79.731974,1778663636.072840,1778663635.891705,1,0.047818,0.954740,-0.165649,-0.046410,0.019691,-0.033907
79.824396,1778663636.165261,1778663635.991501,1,0.048608,0.952788,-0.164132,-0.043226,0.019512,-0.033948
79.929357,1778663636.270238,1778663636.091527,1,0.047994,0.955012,-0.163749,-0.041095,0.021162,-0.034144
80.027537,1778663636.368410,1778663636.191956,1,0.048461,0.954139,-0.165008,-0.042996,0.022960,-0.034270
80.129125,1778663636.470011,1778663636.295964,1,0.050618,0.952255,-0.168304,-0.044588,0.025142,-0.033803
80.220176,1778663636.561039,1778663636.391448,1,0.048134,0.954234,-0.164258,-0.045999,0.019790,-0.034033
80.323189,1778663636.664061,1778663636.491526,1,0.048311,0.953891,-0.163915,-0.043288,0.019215,-0.034308
80.430161,1778663636.771025,1778663636.591531,1,0.048647,0.953637,-0.164510,-0.043658,0.020890,-0.034128
80.521436,1778663636.862303,1778663636.691516,1,0.047907,0.953568,-0.163514,-0.045631,0.020568,-0.034041
80.622832,1778663636.963699,1778663636.791533,1,0.048127,0.954013,-0.164403,-0.043886,0.019839,-0.033785
80.727131,1778663637.067994,1778663636.891612,1,0.048099,0.954386,-0.165381,-0.044201,0.020328,-0.034087
80.833282,1778663637.174149,1778663636.991523,1,0.048192,0.954010,-0.164027,-0.043082,0.020943,-0.034295
80.925387,1778663637.266252,1778663637.091519,1,0.047711,0.954721,-0.166406,-0.046622,0.020203,-0.033812
81.027931,1778663637.368794,1778663637.191511,1,0.048325,0.953900,-0.165538,-0.043465,0.020276,-0.034076
81.129124,1778663637.469999,1778663637.296049,1,0.051454,0.950320,-0.168222,-0.043224,0.025032,-0.034135
81.225814,1778663637.566679,1778663637.391525,1,0.048072,0.953720,-0.164276,-0.042821,0.019950,-0.034145
81.331683,1778663637.672562,1778663637.491907,1,0.048636,0.953865,-0.164006,-0.044881,0.020581,-0.034119
81.424010,1778663637.764876,1778663637.591529,1,0.048062,0.953958,-0.164325,-0.043812,0.020109,-0.034004
81.519574,1778663637.860439,1778663637.692277,1,0.048231,0.954747,-0.163869,-0.042324,0.019838,-0.034114
81.643470,1778663637.984336,1778663637.791538,1,0.048096,0.953857,-0.165062,-0.042762,0.018806,-0.034087
81.727521,1778663638.068388,1778663637.891798,1,0.047371,0.954220,-0.164948,-0.042414,0.020774,-0.034024
81.832651,1778663638.173523,1778663637.991666,1,0.048191,0.954975,-0.165012,-0.043434,0.021351,-0.033989
81.923273,1778663638.264140,1778663638.091550,1,0.048756,0.952968,-0.164564,-0.045559,0.020447,-0.034097
82.036708,1778663638.377579,1778663638.191659,1,0.048483,0.953538,-0.163970,-0.042056,0.019494,-0.034132
82.117339,1778663638.458217,1778663638.295992,1,0.051230,0.950766,-0.165355,-0.043478,0.024239,-0.034027
82.234502,1778663638.575367,1778663638.391553,1,0.049315,0.952266,-0.165631,-0.041226,0.020990,-0.034095
82.312065,1778663638.652931,1778663638.492048,1,0.048576,0.953348,-0.163749,-0.042157,0.019987,-0.033968
82.446823,1778663638.787683,1778663638.591553,1,0.048150,0.953500,-0.164544,-0.042098,0.020622,-0.033954
82.518042,1778663638.858914,1778663638.691552,1,0.048795,0.952799,-0.164516,-0.045665,0.021229,-0.033853
82.625133,1778663638.966008,1778663638.791786,1,0.048159,0.953570,-0.164033,-0.045951,0.019896,-0.034082
82.738115,1778663639.078981,1778663638.891562,1,0.048337,0.954257,-0.164046,-0.042739,0.019578,-0.034184
82.834460,1778663639.175330,1778663638.991905,1,0.048727,0.953554,-0.164651,-0.042991,0.020349,-0.034102
82.922003,1778663639.262866,1778663639.091733,1,0.047676,0.955186,-0.165322,-0.046254,0.019937,-0.033848
83.027784,1778663639.368652,1778663639.191690,1,0.049145,0.953218,-0.163876,-0.044045,0.019294,-0.033921
83.119799,1778663639.460669,1778663639.296504,1,0.051072,0.951022,-0.165904,-0.045311,0.023276,-0.033772
83.244040,1778663639.584906,1778663639.391566,1,0.048323,0.953130,-0.165920,-0.043988,0.021039,-0.034091
83.322452,1778663639.663322,1778663639.491864,1,0.048544,0.952979,-0.165130,-0.043907,0.019146,-0.033812
83.427728,1778663639.768610,1778663639.591570,1,0.048340,0.952940,-0.163920,-0.043420,0.020238,-0.034100
83.523294,1778663639.864161,1778663639.692103,1,0.048332,0.952897,-0.163849,-0.042589,0.020699,-0.033906
83.648541,1778663639.989405,1778663639.791584,1,0.048127,0.953618,-0.163353,-0.044597,0.019981,-0.034069
190.957417,1778663747.298285,1778663746.694968,1,0.049465,0.952720,-0.161566,-0.044834,0.019817,-0.032839
191.048409,1778663747.389269,1778663746.793691,1,0.048643,0.953630,-0.164458,-0.044583,0.019228,-0.032360
191.103812,1778663747.444682,1778663746.893684,1,0.048045,0.954023,-0.164632,-0.044041,0.019995,-0.033164
191.157755,1778663747.498626,1778663746.994140,1,0.048764,0.953393,-0.161594,-0.044728,0.020337,-0.032708
191.207132,1778663747.547997,1778663747.094399,1,0.049096,0.953348,-0.162464,-0.041010,0.020108,-0.033390
191.287544,1778663747.628412,1778663747.193842,1,0.048595,0.952678,-0.162668,-0.040320,0.019469,-0.032944
191.333819,1778663747.674694,1778663747.298559,1,0.050304,0.951457,-0.164997,-0.043411,0.023412,-0.033017
191.376223,1778663747.717090,1778663747.393713,1,0.048324,0.953528,-0.162415,-0.042934,0.019743,-0.033141
191.421194,1778663747.762063,1778663747.493684,1,0.048468,0.953698,-0.164530,-0.043711,0.020064,-0.033083
191.467804,1778663747.808667,1778663747.593715,1,0.048245,0.954019,-0.164411,-0.043195,0.019003,-0.032997
191.521273,1778663747.862137,1778663747.693702,1,0.047787,0.954706,-0.162957,-0.044681,0.020747,-0.033311
191.622755,1778663747.963617,1778663747.793704,1,0.048364,0.953419,-0.162891,-0.043773,0.019492,-0.032890
191.731326,1778663748.072189,1778663747.894340,1,0.047822,0.955048,-0.165028,-0.043831,0.020298,-0.033102
191.823464,1778663748.164328,1778663747.994511,1,0.047921,0.953866,-0.164762,-0.043897,0.020698,-0.032939
191.965881,1778663748.306746,1778663748.093728,1,0.048069,0.954163,-0.163388,-0.044299,0.020006,-0.033012
192.048605,1778663748.389478,1778663748.193721,1,0.048524,0.953106,-0.161524,-0.043796,0.019161,-0.033372
192.129252,1778663748.470119,1778663748.298208,1,0.050873,0.950911,-0.164201,-0.042715,0.023078,-0.033276
192.218094,1778663748.558961,1778663748.394148,1,0.048345,0.953644,-0.164920,-0.043860,0.020792,-0.032961
192.344697,1778663748.685566,1778663748.493704,1,0.048632,0.953643,-0.164293,-0.046260,0.019795,-0.033013
192.433396,1778663748.774259,1778663748.593843,1,0.048467,0.953614,-0.163382,-0.044089,0.019794,-0.033208
192.540605,1778663748.881467,1778663748.693733,1,0.047802,0.954584,-0.164571,-0.044337,0.020106,-0.033044
192.628641,1778663748.969507,1778663748.793754,1,0.048032,0.954177,-0.163093,-0.043407,0.019924,-0.033167
192.749876,1778663749.090747,1778663748.893722,1,0.048490,0.954113,-0.163535,-0.042918,0.020203,-0.033232
192.862932,1778663749.203796,1778663748.994449,1,0.048418,0.953022,-0.164832,-0.044281,0.019373,-0.032943
192.919479,1778663749.260345,1778663749.093950,1,0.048036,0.953751,-0.165338,-0.044843,0.020257,-0.033112
193.040165,1778663749.381032,1778663749.193714,1,0.048532,0.953534,-0.163793,-0.044488,0.019282,-0.033127
193.147100,1778663749.487966,1778663749.298712,1,0.050845,0.950974,-0.164711,-0.043776,0.024018,-0.033321
193.221975,1778663749.562837,1778663749.393758,1,0.048120,0.954754,-0.163449,-0.042441,0.020398,-0.033261
193.324309,1778663749.665177,1778663749.493987,1,0.048529,0.953453,-0.163877,-0.045092,0.020413,-0.032919
193.421293,1778663749.762162,1778663749.593719,1,0.048911,0.952722,-0.163845,-0.045548,0.019905,-0.033833
193.518868,1778663749.859732,1778663749.693716,1,0.049403,0.951733,-0.167799,-0.047192,0.020544,-0.035606
193.642509,1778663749.983377,1778663749.793761,1,0.049961,0.951575,-0.166561,-0.048636,0.018578,-0.037725
193.720565,1778663750.061433,1778663749.893923,1,0.051814,0.948023,-0.165444,-0.041170,0.019097,-0.040236
193.836174,1778663750.177036,1778663749.993761,1,0.050431,0.950124,-0.161889,-0.039103,0.017976,-0.040081
193.941066,1778663750.281929,1778663750.094016,1,0.052298,0.948922,-0.157075,-0.032900,0.020262,-0.036426
194.023927,1778663750.364804,1778663750.194026,1,0.053285,0.946786,-0.160881,-0.038511,0.021910,-0.033878
194.130322,1778663750.471198,1778663750.298628,1,0.058121,0.940803,-0.163750,-0.041187,0.028874,-0.035392
194.234077,1778663750.574940,1778663750.393748,1,0.054030,0.945732,-0.161593,-0.031366,0.021222,-0.041194
194.315630,1778663750.656504,1778663750.493866,1,0.054231,0.945472,-0.157356,-0.022305,0.022424,-0.043011
194.439266,1778663750.780138,1778663750.593774,1,0.054898,0.945461,-0.153695,-0.015487,0.024721,-0.043532
194.519614,1778663750.860480,1778663750.694413,1,0.054687,0.945794,-0.153283,-0.014857,0.023315,-0.042977
194.624645,1778663750.965518,1778663750.793777,1,0.054359,0.946224,-0.153759,-0.026131,0.023561,-0.040533
194.715558,1778663751.056422,1778663750.893756,1,0.053907,0.947002,-0.156449,-0.032489,0.021898,-0.039122
194.817859,1778663751.158739,1778663750.993987,1,0.054180,0.948050,-0.157491,-0.038688,0.021538,-0.040075
194.929304,1778663751.270176,1778663751.094143,1,0.053103,0.949113,-0.158328,-0.043561,0.017020,-0.040558
195.039871,1778663751.380746,1778663751.194196,1,0.053309,0.948379,-0.164792,-0.052909,0.016122,-0.038651
195.121230,1778663751.462104,1778663751.298993,1,0.057472,0.944134,-0.166135,-0.052351,0.022592,-0.037833
195.226801,1778663751.567667,1778663751.393967,1,0.054627,0.947428,-0.166196,-0.051546,0.018030,-0.036990
195.322536,1778663751.663408,1778663751.493754,1,0.054172,0.948077,-0.164677,-0.053781,0.019389,-0.037323
195.429760,1778663751.770623,1778663751.594050,1,0.055123,0.947262,-0.163973,-0.056613,0.016556,-0.037526
195.522798,1778663751.863667,1778663751.693768,1,0.053702,0.948209,-0.165490,-0.046801,0.018075,-0.037771
195.641089,1778663751.981952,1778663751.793808,1,0.055071,0.945996,-0.166920,-0.053009,0.018785,-0.037236
195.714108,1778663752.054974,1778663751.893778,1,0.054948,0.946284,-0.168328,-0.035555,0.016392,-0.032958
195.819991,1778663752.160862,1778663751.993787,1,0.054381,0.947810,-0.169064,-0.043542,0.019374,-0.033498
195.909098,1778663752.249965,1778663752.093782,1,0.055182,0.948683,-0.170828,-0.046975,0.020000,-0.033527
196.031504,1778663752.372369,1778663752.193799,1,0.053198,0.951554,-0.170862,-0.051059,0.020408,-0.032918
196.125448,1778663752.466321,1778663752.298247,1,0.053301,0.950978,-0.169776,-0.047445,0.022517,-0.033122
196.220255,1778663752.561125,1778663752.393801,1,0.048376,0.956825,-0.170435,-0.048168,0.021762,-0.033325
196.309536,1778663752.650399,1778663752.494296,1,0.046104,0.959037,-0.168673,-0.053666,0.020346,-0.033140
196.418373,1778663752.759242,1778663752.593793,1,0.045391,0.959643,-0.173692,-0.046884,0.019020,-0.033746
196.509650,1778663752.850517,1778663752.694299,1,0.043878,0.962008,-0.166672,-0.051351,0.018784,-0.033619
196.608069,1778663752.948938,1778663752.793808,1,0.042381,0.964263,-0.172313,-0.052536,0.019447,-0.034183
196.723083,1778663753.063972,1778663752.894165,1,0.040446,0.966663,-0.168552,-0.051054,0.020229,-0.034528
196.820622,1778663753.161485,1778663752.993912,1,0.039441,0.967373,-0.170380,-0.051752,0.021382,-0.034739
196.916513,1778663753.257390,1778663753.093861,1,0.039442,0.966903,-0.169541,-0.054643,0.020389,-0.034500
197.017949,1778663753.358822,1778663753.193809,1,0.038875,0.968342,-0.169589,-0.055335,0.019783,-0.035029
197.133759,1778663753.474623,1778663753.298273,1,0.040695,0.965780,-0.170087,-0.055620,0.022646,-0.035231
197.232570,1778663753.573436,1778663753.394041,1,0.038897,0.967519,-0.170895,-0.057422,0.020476,-0.035175
197.326125,1778663753.666992,1778663753.493801,1,0.037638,0.967656,-0.169955,-0.055439,0.021336,-0.035114
197.462123,1778663753.802989,1778663753.595185,1,0.038683,0.967635,-0.169867,-0.054472,0.021941,-0.035119
197.517570,1778663753.858438,1778663753.693951,1,0.040562,0.966310,-0.172955,-0.047091,0.019544,-0.033458
197.616912,1778663753.957775,1778663753.793797,1,0.040595,0.967052,-0.170824,-0.050776,0.017962,-0.034105
197.713699,1778663754.054569,1778663753.893814,1,0.041737,0.965629,-0.171140,-0.051135,0.019169,-0.034612
197.820927,1778663754.161790,1778663753.994228,1,0.041544,0.964616,-0.168465,-0.051553,0.020608,-0.034696
197.948266,1778663754.289135,1778663754.093964,1,0.042605,0.964161,-0.169459,-0.052484,0.020857,-0.034912
198.025381,1778663754.366253,1778663754.193848,1,0.041946,0.964951,-0.166427,-0.054974,0.019666,-0.035088
198.139479,1778663754.480349,1778663754.298676,1,0.044519,0.963163,-0.165664,-0.053242,0.024723,-0.035021
198.211785,1778663754.552683,1778663754.393836,1,0.041574,0.964721,-0.165916,-0.057009,0.021252,-0.034898
198.317606,1778663754.658469,1778663754.493847,1,0.041953,0.964810,-0.168538,-0.052794,0.020055,-0.034978
198.416372,1778663754.757238,1778663754.594028,1,0.042211,0.963895,-0.169281,-0.053629,0.018010,-0.034583
198.539611,1778663754.880495,1778663754.693836,1,0.044305,0.963179,-0.169216,-0.056184,0.020773,-0.034653
198.610309,1778663754.951175,1778663754.793869,1,0.045532,0.962040,-0.169093,-0.052130,0.020759,-0.034248
198.720363,1778663755.061231,1778663754.893875,1,0.045586,0.961551,-0.168441,-0.047620,0.021456,-0.034499
198.809987,1778663755.150855,1778663754.994104,1,0.046161,0.961582,-0.168356,-0.047109,0.021474,-0.033630
198.922647,1778663755.263513,1778663755.093849,1,0.046185,0.960668,-0.171840,-0.049881,0.021272,-0.033392
199.024523,1778663755.365402,1778663755.193987,1,0.045175,0.961219,-0.172138,-0.050595,0.021130,-0.033305
199.132040,1778663755.472905,1778663755.298533,1,0.046521,0.959982,-0.171434,-0.052403,0.023061,-0.033588
199.212817,1778663755.553682,1778663755.393830,1,0.044619,0.961469,-0.172104,-0.054890,0.020722,-0.033207
199.328511,1778663755.669382,1778663755.493907,1,0.042843,0.963510,-0.172585,-0.056254,0.023140,-0.033011
199.427474,1778663755.768341,1778663755.593861,1,0.044335,0.961666,-0.170348,-0.055374,0.023186,-0.033709
199.519936,1778663755.860805,1778663755.693890,1,0.043270,0.962600,-0.168040,-0.054713,0.021078,-0.033802
199.636750,1778663755.977615,1778663755.793872,1,0.043577,0.961719,-0.168375,-0.051834,0.020083,-0.033630
199.722854,1778663756.063733,1778663755.893879,1,0.043530,0.961530,-0.169725,-0.045824,0.020921,-0.033862
199.829058,1778663756.169933,1778663755.993858,1,0.042603,0.962319,-0.168206,-0.052080,0.021815,-0.033819
199.957703,1778663756.298568,1778663756.094042,1,0.042022,0.962622,-0.172695,-0.054829,0.021253,-0.033355
200.011203,1778663756.352068,1778663756.194016,1,0.043013,0.962141,-0.170041,-0.055768,0.022100,-0.033600
200.131490,1778663756.472357,1778663756.298338,1,0.045071,0.960233,-0.170777,-0.052119,0.024816,-0.033919
200.217209,1778663756.558072,1778663756.394240,1,0.044373,0.960131,-0.171521,-0.057425,0.023903,-0.033109
200.310386,1778663756.651249,1778663756.494134,1,0.043267,0.961773,-0.170755,-0.053822,0.022107,-0.033537
200.418768,1778663756.759636,1778663756.594153,1,0.043295,0.962790,-0.165005,-0.051628,0.020336,-0.034283
200.549568,1778663756.890433,1778663756.693867,1,0.044464,0.961409,-0.166530,-0.050524,0.019816,-0.033695
200.608295,1778663756.949160,1778663756.793893,1,0.044462,0.961538,-0.164715,-0.058357,0.021031,-0.034127
200.714227,1778663757.055097,1778663756.893876,1,0.046469,0.960101,-0.168609,-0.053632,0.022794,-0.034166
200.812034,1778663757.152900,1778663756.993977,1,0.045661,0.960846,-0.167071,-0.053391,0.020669,-0.034663
200.917742,1778663757.258607,1778663757.093872,1,0.045160,0.961255,-0.167329,-0.052588,0.019146,-0.034368
201.016062,1778663757.356929,1778663757.193864,1,0.045925,0.961500,-0.167008,-0.051239,0.020253,-0.034513
201.118053,1778663757.458916,1778663757.298336,1,0.048430,0.959074,-0.169392,-0.053852,0.024288,-0.034213
201.214704,1778663757.555568,1778663757.393912,1,0.046951,0.959140,-0.165689,-0.057843,0.022884,-0.034269
201.316662,1778663757.657525,1778663757.493910,1,0.046254,0.960890,-0.167334,-0.057473,0.017976,-0.033548
201.414141,1778663757.755008,1778663757.593858,1,0.044240,0.962602,-0.169000,-0.054286,0.019891,-0.034115
201.537645,1778663757.878509,1778663757.694143,1,0.043363,0.963408,-0.169084,-0.055291,0.021047,-0.034131
201.610199,1778663757.951063,1778663757.793869,1,0.044795,0.962143,-0.169199,-0.060183,0.022303,-0.034258
201.713798,1778663758.054663,1778663757.893806,1,0.045456,0.960808,-0.170663,-0.055684,0.020873,-0.033626
201.811325,1778663758.152194,1778663757.993909,1,0.045607,0.960817,-0.169823,-0.051711,0.022437,-0.034033
201.914660,1778663758.255530,1778663758.094408,1,0.045475,0.961362,-0.164130,-0.049143,0.020755,-0.035167
202.021956,1778663758.362835,1778663758.194242,1,0.046113,0.960797,-0.167894,-0.051902,0.022410,-0.034606
202.121201,1778663758.462067,1778663758.298903,1,0.046438,0.960800,-0.163132,-0.045816,0.022396,-0.035161
202.220671,1778663758.561539,1778663758.394274,1,0.046160,0.959793,-0.162736,-0.047477,0.021677,-0.035255
202.311672,1778663758.652536,1778663758.493907,1,0.045973,0.961522,-0.165325,-0.050158,0.023862,-0.035282
202.423325,1778663758.764190,1778663758.593910,1,0.047205,0.959111,-0.167452,-0.050467,0.024433,-0.034547
202.509831,1778663758.850696,1778663758.693926,1,0.046113,0.960027,-0.166122,-0.049074,0.022449,-0.035090
202.621576,1778663758.962442,1778663758.794134,1,0.044460,0.961872,-0.169537,-0.051562,0.022681,-0.034914
202.706244,1778663759.047108,1778663758.893914,1,0.045011,0.960932,-0.166221,-0.050135,0.021888,-0.035075
202.830542,1778663759.171408,1778663758.993917,1,0.046598,0.959690,-0.168785,-0.050226,0.022627,-0.034614
202.909916,1778663759.250783,1778663759.093930,1,0.045354,0.960263,-0.166288,-0.052978,0.021586,-0.034777
203.013740,1778663759.354610,1778663759.193898,1,0.045874,0.959376,-0.169819,-0.051154,0.022552,-0.034948
203.132769,1778663759.473632,1778663759.298598,1,0.046743,0.959786,-0.167885,-0.050709,0.023269,-0.034611
203.208614,1778663759.549478,1778663759.393919,1,0.045134,0.961828,-0.169047,-0.050843,0.023853,-0.034630
203.314122,1778663759.654999,1778663759.493917,1,0.047202,0.958871,-0.167326,-0.056822,0.025771,-0.034702
203.430331,1778663759.771197,1778663759.593916,1,0.047215,0.958920,-0.164928,-0.053228,0.023420,-0.034542
203.524344,1778663759.865211,1778663759.694303,1,0.046732,0.959682,-0.165724,-0.055073,0.024619,-0.034765
203.613030,1778663759.953899,1778663759.793948,1,0.046448,0.960336,-0.169238,-0.051573,0.024625,-0.034774
203.727564,1778663760.068431,1778663759.893953,1,0.045612,0.961636,-0.168162,-0.051494,0.022794,-0.034609
203.839948,1778663760.180820,1778663759.994274,1,0.045701,0.960844,-0.167479,-0.054782,0.021260,-0.035030
203.914753,1778663760.255627,1778663760.093927,1,0.045118,0.961135,-0.165282,-0.052128,0.020192,-0.035093
204.028678,1778663760.369551,1778663760.194052,1,0.044696,0.962700,-0.165587,-0.053185,0.021257,-0.034803
