sample_index,stamp,odom_nearest_waypoint,odom_nearest_waypoint_dist,sc_nearest_waypoint,sc_odom_error,sc_distance,conservative_success,global_published,global_success,global_wrong,global_error,global_count,global_nearest_waypoint
0,1778847466.269,点位1,0.0308,点位1,0.0024,0.0013,True,False,False,False,inf,0,
1,1778847468.469,点位1,0.0305,点位1,0.0014,0.0011,True,False,False,False,inf,0,
2,1778847470.569,点位1,0.0315,点位1,0.0046,0.0014,True,False,False,False,inf,0,
3,1778847472.769,点位1,0.0315,点位1,0.0025,0.001,True,False,False,False,inf,0,
4,1778847474.969,点位1,0.0315,点位1,0.0004,0.0023,True,False,False,False,inf,0,
5,1778847477.069,点位1,0.0305,点位1,0.0056,0.0015,True,False,False,False,inf,0,
6,1778847479.269,点位1,0.0311,点位1,0.0049,0.0016,True,False,False,False,inf,0,
7,1778847481.369,点位1,0.0331,点位1,0.0025,0.001,True,False,False,False,inf,0,
8,1778847483.469,点位1,0.0335,点位1,0.0032,0.0006,True,False,False,False,inf,0,
9,1778847485.569,点位1,0.0361,点位1,0.0007,0.0007,True,False,False,False,inf,0,
10,1778847488.174,点位1,0.0294,点位1,0.0036,0.0102,True,False,False,False,inf,0,
11,1778847490.369,点位1,0.0299,点位1,0.0022,0.0032,True,False,False,False,inf,0,
12,1778847492.369,点位1,0.0318,点位1,0.0016,0.0007,True,False,False,False,inf,0,
13,1778847494.57,点位1,0.0303,点位1,0.0042,0.001,True,False,False,False,inf,0,
14,1778847496.87,点位1,0.0291,点位1,0.0053,0.0015,True,False,False,False,inf,0,
15,1778847498.869,点位1,0.0329,点位1,0.0003,0.0013,True,False,False,False,inf,0,
16,1778847500.97,点位1,0.032,点位1,0.0046,0.0015,True,False,False,False,inf,0,
17,1778847503.174,点位1,0.0337,点位1,0.0031,0.0142,True,False,False,False,inf,0,
18,1778847505.27,点位1,0.0342,点位1,0.0042,0.001,True,False,False,False,inf,0,
19,1778847507.37,点位1,0.033,点位1,0.0024,0.0009,True,False,False,False,inf,0,
20,1778847509.37,点位1,0.0359,点位1,0.0032,0.0006,True,False,False,False,inf,0,
21,1778847511.47,点位1,0.0353,点位1,0.0017,0.0014,True,False,False,False,inf,0,
22,1778847513.47,点位1,0.0366,点位1,0.0007,0.0007,True,False,False,False,inf,0,
23,1778847515.47,点位1,0.0343,点位1,0.0082,0.0175,True,False,False,False,inf,0,
24,1778847517.97,点位1,0.1196,点位1,0.2991,0.0325,True,False,False,False,inf,0,
25,1778847520.37,点位1,0.2056,点位1,0.3712,0.0193,True,False,False,False,inf,0,
26,1778847522.37,点位1,0.3037,点位1,0.2874,0.1109,True,False,False,False,inf,0,
27,1778847524.47,点位1,0.4229,点位1,0.8949,0.0708,True,False,False,False,inf,0,
28,1778847526.67,点位1,0.5256,点位1,0.493,0.1611,True,False,False,False,inf,0,
29,1778847528.77,点位1,0.6076,点位1,0.4152,0.0918,True,False,False,False,inf,0,
30,1778847531.07,点位1,0.7396,点位1,0.3492,0.052,True,False,False,False,inf,0,
31,1778847533.175,点位1,0.8315,点位1,0.5224,0.3358,False,False,False,False,inf,0,
32,1778847535.175,点位1,0.9042,点位1,0.6596,0.3883,False,False,False,False,inf,0,
33,1778847537.175,点位1,0.931,点位1,0.9861,0.3524,False,True,True,False,0.5513464538946651,3,点位1
34,1778847539.37,点位1,0.9144,点位1,0.1907,0.2432,True,False,False,False,inf,0,
35,1778847541.47,点位1,0.9497,点位1,0.3455,0.2701,False,True,True,False,0.6558479077690192,4,点位1
36,1778847543.671,点位1,0.9709,点位1,0.6869,0.2973,False,True,True,False,0.6012890985208362,5,点位1
37,1778847545.77,点位1,0.9999,点位1,0.3515,0.235,True,False,False,False,inf,0,
38,1778847547.97,点位1,0.9937,点位1,0.3899,0.2317,True,False,False,False,inf,0,
39,1778847550.07,点位1,0.9741,点位1,0.384,0.2065,True,False,False,False,inf,0,
40,1778847552.371,点位1,0.9614,点位1,0.3898,0.1932,True,False,False,False,inf,0,
41,1778847554.671,点位1,0.9489,点位1,0.5684,0.2326,True,False,False,False,inf,0,
42,1778847556.67,点位1,0.9276,点位1,0.5559,0.2171,True,False,False,False,inf,0,
43,1778847558.77,点位1,0.9025,点位1,0.5799,0.2008,True,False,False,False,inf,0,
44,1778847560.771,点位1,0.8663,点位1,0.3898,0.1932,True,False,False,False,inf,0,
45,1778847563.071,点位1,0.777,点位1,0.8365,0.2483,True,False,False,False,inf,0,
46,1778847565.371,点位1,0.6526,点位1,0.9164,0.2818,False,True,True,False,0.9226775454079286,5,点位1
47,1778847567.371,点位1,0.5399,点位1,0.6229,0.1916,True,False,False,False,inf,0,
48,1778847569.871,点位1,0.4416,点位1,0.8766,0.2093,True,False,False,False,inf,0,
49,1778847572.071,点位1,0.3143,点位1,0.488,0.1703,True,False,False,False,inf,0,
50,1778847574.471,点位1,0.2053,点位1,0.3935,0.1744,True,False,False,False,inf,0,
51,1778847576.571,点位1,0.132,点位1,0.8575,0.1782,True,False,False,False,inf,0,
52,1778847579.175,点位1,0.0628,点位1,0.0279,0.1381,True,False,False,False,inf,0,
53,1778847581.471,点位1,0.2818,点位1,0.2507,0.023,True,False,False,False,inf,0,
54,1778847583.471,点位1,0.3927,点位1,0.4968,0.0433,True,False,False,False,inf,0,
55,1778847585.571,点位1,0.5446,点位1,0.3712,0.0193,True,False,False,False,inf,0,
56,1778847587.671,点位1,0.7264,点位1,0.4331,0.1056,True,False,False,False,inf,0,
57,1778847589.671,点位1,0.8639,点位1,0.3703,0.0905,True,False,False,False,inf,0,
58,1778847591.772,点位1,1.0185,点位1,0.042,0.0679,True,False,False,False,inf,0,
59,1778847593.971,点位1,1.033,点位1,0.0123,0.0156,True,False,False,False,inf,0,
60,1778847595.971,点位1,1.0394,点位1,0.0479,0.0172,True,False,False,False,inf,0,
61,1778847598.071,点位1,1.034,点位1,0.0094,0.0143,True,False,False,False,inf,0,
62,1778847600.071,点位1,1.0336,点位1,0.0462,0.0288,True,False,False,False,inf,0,
63,1778847602.071,点位1,1.0344,点位1,0.0118,0.0202,True,False,False,False,inf,0,
64,1778847604.176,点位1,1.0305,点位1,0.0089,0.0394,True,False,False,False,inf,0,
65,1778847606.271,点位1,1.0337,点位1,0.0094,0.0143,True,False,False,False,inf,0,
66,1778847608.572,点位1,1.0443,点位1,0.0479,0.0172,True,False,False,False,inf,0,
67,1778847610.671,点位1,1.0095,点位1,0.8048,0.1181,True,False,False,False,inf,0,
68,1778847612.672,点位1,1.0723,点位1,0.8562,0.104,True,False,False,False,inf,0,
69,1778847614.772,点位1,1.2469,点位1,0.8461,0.0989,True,False,False,False,inf,0,
70,1778847616.872,点位1,1.2251,点位1,0.8822,0.1062,True,False,False,False,inf,0,
71,1778847618.972,点位1,1.1127,点位1,0.8658,0.093,True,False,False,False,inf,0,
72,1778847620.972,点位1,0.9915,点位1,0.8562,0.104,True,False,False,False,inf,0,
73,1778847623.072,点位1,1.3595,点位1,0.8558,0.1577,True,False,False,False,inf,0,
74,1778847625.372,点位1,1.4813,点位1,0.6342,0.1938,True,False,False,False,inf,0,
75,1778847627.472,点位1,1.8642,点位1,0.9624,0.152,True,False,False,False,inf,0,
76,1778847629.572,点位1,2.0314,点位22,9.5585,0.0876,False,False,False,False,inf,0,
77,1778847631.672,点位1,2.2153,点位1,0.8558,0.1577,True,False,False,False,inf,0,
78,1778847633.972,点位1,2.854,点位15,20.4988,0.0826,False,False,False,False,inf,0,
79,1778847636.072,点位1,3.152,点位22,10.6659,0.0658,False,True,False,True,2.0795546927166884,3,点位2
80,1778847638.472,点位1,3.2361,点位2,1.2141,0.0367,False,True,False,True,2.037562745046149,4,点位2
81,1778847640.572,点位1,3.3067,点位2,1.1668,0.0454,False,True,False,True,2.0600581803434577,5,点位2
82,1778847642.672,点位1,3.4902,点位2,1.8391,0.0799,False,True,False,True,1.994810235266057,6,点位2
83,1778847644.772,点位1,3.7615,点位2,1.4906,0.0413,False,True,False,True,1.7336821624155272,6,点位2
84,1778847646.772,点位1,4.2713,点位2,0.9734,0.0153,True,False,False,False,inf,0,
85,1778847648.872,点位2,4.3091,点位2,0.8561,0.043,True,False,False,False,inf,0,
86,1778847651.177,点位1,4.2382,点位2,1.1087,0.0594,False,True,False,True,1.2320562870439178,3,点位2
87,1778847653.177,点位2,4.2336,点位2,1.2558,0.0823,False,False,False,False,inf,0,
88,1778847655.177,点位2,3.7213,点位2,0.6786,0.0486,True,False,False,False,inf,0,
89,1778847657.572,点位2,3.6327,点位1,0.9734,0.0153,True,False,False,False,inf,0,
90,1778847659.672,点位2,3.293,点位1,1.7944,0.0655,False,False,False,False,inf,0,
91,1778847662.473,点位2,2.987,点位14,24.1371,0.0652,False,False,False,False,inf,0,
92,1778847664.472,点位2,2.7011,点位14,24.4745,0.0561,False,False,False,False,inf,0,
93,1778847666.772,点位2,2.5217,点位18,33.1854,0.056,False,False,False,False,inf,0,
94,1778847668.772,点位2,2.4463,点位18,33.5076,0.0959,False,False,False,False,inf,0,
95,1778847671.073,点位2,2.4649,点位11,19.0564,0.0912,False,False,False,False,inf,0,
96,1778847673.073,点位2,2.5618,点位6,0.9979,0.2998,False,True,False,True,13.34582710733542,3,点位23
97,1778847675.073,点位2,2.7308,点位5,2.7409,0.0879,False,True,False,True,13.30849311049986,3,点位23
98,1778847677.373,点位6,2.5483,点位23,13.5708,0.0944,False,True,False,True,13.118508046098672,3,点位23
99,1778847679.573,点位6,2.3632,点位23,13.0,0.0947,False,True,False,True,1.4886452472708946,3,点位2
100,1778847681.573,点位6,2.2906,点位2,0.9979,0.2998,False,True,False,True,1.4031054853876814,4,点位2
101,1778847683.773,点位6,2.4602,点位24,11.6225,0.1043,False,True,False,True,1.1333698485490076,5,点位2
102,1778847686.073,点位6,2.8691,点位2,0.7584,0.22,True,False,False,False,inf,0,
103,1778847688.177,点位6,3.0891,点位2,0.5954,0.2204,True,False,False,False,inf,0,
104,1778847690.177,点位6,3.2672,点位2,0.4033,0.1728,True,False,False,False,inf,0,
105,1778847692.273,点位6,3.3795,点位2,0.2746,0.1144,True,False,False,False,inf,0,
106,1778847694.373,点位6,3.5089,点位2,0.1163,0.0396,True,False,False,False,inf,0,
107,1778847696.573,点位2,3.5309,点位2,0.0077,0.0044,True,False,False,False,inf,0,
108,1778847698.573,点位2,3.526,点位2,0.0032,0.0029,True,False,False,False,inf,0,
109,1778847700.673,点位2,3.5238,点位2,0.0055,0.0035,True,False,False,False,inf,0,
110,1778847702.973,点位2,3.5233,点位2,0.0035,0.0016,True,False,False,False,inf,0,
111,1778847704.973,点位2,3.5239,点位2,0.0027,0.0013,True,False,False,False,inf,0,
112,1778847706.973,点位2,3.523,点位2,0.0032,0.0045,True,False,False,False,inf,0,
113,1778847708.973,点位2,3.5234,点位2,0.0023,0.0035,True,False,False,False,inf,0,
114,1778847711.073,点位2,3.526,点位2,0.0011,0.0012,True,False,False,False,inf,0,
115,1778847713.273,点位2,3.5284,点位2,0.0089,0.0018,True,False,False,False,inf,0,
116,1778847715.873,点位2,3.5247,点位2,0.0035,0.0016,True,False,False,False,inf,0,
117,1778847717.973,点位2,3.526,点位2,0.0045,0.0022,True,False,False,False,inf,0,
118,1778847720.178,点位2,3.5249,点位2,0.0031,0.0423,True,False,False,False,inf,0,
119,1778847722.274,点位2,3.5253,点位2,0.0011,0.0012,True,False,False,False,inf,0,
120,1778847724.474,点位2,3.5258,点位2,0.0027,0.0013,True,False,False,False,inf,0,
121,1778847726.574,点位2,3.5276,点位2,0.0039,0.0018,True,False,False,False,inf,0,
122,1778847728.574,点位2,3.5282,点位2,0.0044,0.0017,True,False,False,False,inf,0,
123,1778847730.674,点位2,3.4888,点位2,0.0342,0.0221,True,False,False,False,inf,0,
124,1778847732.974,点位2,2.748,点位21,22.4329,0.075,False,True,False,True,4.220155780077911,4,点位2
125,1778847735.074,点位2,1.8677,点位2,2.6534,0.0654,False,True,False,True,3.4140206165165425,5,点位2
126,1778847737.274,点位2,1.3076,点位3,3.1621,0.0448,False,True,False,True,3.08748225197328,4,点位3
127,1778847739.374,点位2,1.0698,点位24,13.6744,0.1001,False,True,False,True,2.8191259569432363,3,点位3
128,1778847741.574,点位2,0.4869,点位3,1.9152,0.0277,False,True,False,True,2.1139726680142092,3,点位3
129,1778847743.974,点位2,0.452,点位3,1.54,0.0508,False,True,True,False,0.7980035212954879,3,点位2
130,1778847746.178,点位2,0.5345,点位3,1.4556,0.0603,False,True,True,False,0.8522194846399604,3,点位2
131,1778847748.474,点位2,0.9017,点位22,21.3368,0.0652,False,True,False,True,1.166289500938768,3,点位2
132,1778847750.474,点位2,1.2792,点位2,1.5455,0.0392,False,True,False,True,1.5456166180524837,3,点位2
133,1778847752.575,点位3,1.2348,点位2,1.9152,0.0277,False,False,False,False,inf,0,
134,1778847754.674,点位3,0.9805,点位2,2.2141,0.0323,False,False,False,False,inf,0,
135,1778847756.774,点位3,0.8433,点位2,3.927,0.0762,False,False,False,False,inf,0,
136,1778847759.179,点位3,0.9086,点位22,22.4669,0.0704,False,False,False,False,inf,0,
137,1778847761.274,点位3,1.1661,点位21,27.8005,0.1172,False,False,False,False,inf,0,
138,1778847763.374,点位3,1.5623,点位2,4.5001,0.129,False,True,False,True,3.3732978702022605,3,点位5
139,1778847765.475,点位4,1.3819,点位2,4.4338,0.0989,False,True,False,True,3.0711654987357804,4,点位5
140,1778847767.474,点位4,1.0839,点位5,2.5006,0.0936,False,True,False,True,2.747850178303031,5,点位5
141,1778847769.775,点位4,0.9938,点位9,20.468,0.1559,False,True,False,True,2.496984003553086,5,点位5
142,1778847772.179,点位4,1.106,点位5,1.9299,0.0702,False,True,False,True,2.2243097302559076,6,点位5
143,1778847774.179,点位4,1.4257,点位5,1.7997,0.1047,False,True,False,True,1.8974885342941545,6,点位5
144,1778847776.375,点位5,1.9957,点位5,0.9931,0.0787,True,False,False,False,inf,0,
145,1778847778.674,点位5,1.9812,点位5,0.3831,0.1223,True,False,False,False,inf,0,
146,1778847780.675,点位5,2.0143,点位5,0.3043,0.0437,True,False,False,False,inf,0,
147,1778847783.375,点位5,2.1354,点位6,0.4227,0.1417,True,False,False,False,inf,0,
148,1778847785.675,点位5,2.1454,点位6,0.3822,0.1363,True,False,False,False,inf,0,
149,1778847787.775,点位5,2.1331,点位5,0.9836,0.1299,True,False,False,False,inf,0,
150,1778847790.179,点位5,2.1519,点位6,1.5222,0.1033,False,True,True,False,0.22825196193023217,4,点位5
151,1778847792.475,点位5,2.1415,点位5,0.2792,0.0452,True,False,False,False,inf,0,
152,1778847794.475,点位6,2.1835,点位5,0.6475,0.0617,True,False,False,False,inf,0,
153,1778847796.575,点位6,1.6132,点位5,1.2938,0.0952,False,True,False,True,12.702886649104604,3,点位24
154,1778847798.675,点位6,1.2071,点位5,1.5222,0.1033,False,True,False,True,12.196846826946707,3,点位24
155,1778847801.275,点位6,0.8749,点位24,11.5345,0.0905,False,True,False,True,11.534519527921397,3,点位24
156,1778847803.475,点位6,0.9714,点位24,10.9409,0.0915,False,True,False,True,4.265561235054538,3,点位7
157,1778847805.875,点位6,1.4344,点位24,10.2828,0.1481,False,True,False,True,3.3589754636830857,4,点位7
158,1778847807.975,点位6,1.7958,点位1,4.9684,0.0917,False,True,False,True,2.8061292575360812,5,点位7
159,1778847809.975,点位7,1.7949,点位7,2.9011,0.0885,False,True,False,True,2.58122992432333,6,点位7
160,1778847812.275,点位7,1.2566,点位7,2.3223,0.0694,False,True,False,True,2.030767133717918,6,点位7
161,1778847814.375,点位7,0.7018,点位7,1.4332,0.0321,False,True,False,True,1.4933297060967852,6,点位7
162,1778847816.475,点位7,0.5693,点位7,0.9252,0.2484,True,False,False,False,inf,0,
163,1778847818.475,点位7,0.3746,点位7,0.8407,0.1978,True,False,False,False,inf,0,
164,1778847820.575,点位7,0.3649,点位7,0.7022,0.1159,True,False,False,False,inf,0,
165,1778847822.675,点位7,0.8377,点位7,0.518,0.0333,True,False,False,False,inf,0,
166,1778847824.675,点位7,1.1641,点位7,0.2988,0.0479,True,False,False,False,inf,0,
167,1778847826.975,点位7,1.4438,点位7,0.5309,0.1,True,False,False,False,inf,0,
168,1778847829.075,点位7,1.7121,点位7,0.4335,0.196,True,False,False,False,inf,0,
169,1778847831.18,点位7,1.88,点位7,0.529,0.2671,False,False,False,False,inf,0,
170,1778847833.376,点位7,2.0673,点位7,0.6527,0.2969,False,True,False,True,1.2564268957820208,3,点位7
171,1778847835.476,点位7,2.2606,点位1,4.3658,0.0693,False,True,False,True,1.27558695999136,4,点位7
172,1778847837.476,点位7,2.3658,点位1,3.9814,0.0645,False,True,False,True,1.3394648355220078,5,点位7
173,1778847839.676,点位7,2.292,点位7,1.7846,0.0483,False,True,False,True,1.3147741530772497,5,点位7
174,1778847841.676,点位7,2.2563,点位7,1.7441,0.0492,False,True,False,True,1.3306988702182023,5,点位7
175,1778847843.676,点位7,2.2007,点位7,1.406,0.0683,False,True,False,True,1.4203651115118257,5,点位7
176,1778847846.076,点位7,2.0252,点位7,1.6455,0.1391,False,True,False,True,1.6286062152787102,3,点位7
177,1778847848.276,点位7,1.7781,点位7,1.2553,0.093,False,True,False,True,1.5017780066474542,4,点位7
178,1778847850.776,点位7,1.4259,点位21,19.9953,0.0847,False,True,False,True,1.2700072925774881,5,点位7
179,1778847852.976,点位7,1.2013,点位7,0.8889,0.2342,True,False,False,False,inf,0,
180,1778847854.976,点位7,0.8874,点位7,0.9994,0.2409,True,False,False,False,inf,0,
181,1778847857.076,点位7,0.6213,点位7,0.7329,0.203,True,False,False,False,inf,0,
182,1778847859.676,点位7,0.5607,点位7,0.3756,0.0831,True,False,False,False,inf,0,
183,1778847861.776,点位7,0.7983,点位7,0.0743,0.0122,True,False,False,False,inf,0,
184,1778847863.876,点位7,0.8909,点位7,0.0261,0.001,True,False,False,False,inf,0,
185,1778847865.976,点位7,0.8586,点位7,0.0101,0.0006,True,False,False,False,inf,0,
186,1778847868.076,点位7,0.8641,点位7,0.0033,0.0012,True,False,False,False,inf,0,
187,1778847871.076,点位7,0.9027,点位7,0.0633,0.0014,True,False,False,False,inf,0,
188,1778847873.181,点位7,0.873,点位7,0.0076,0.0095,True,False,False,False,inf,0,
189,1778847875.276,点位7,0.8586,点位7,0.0064,0.0015,True,False,False,False,inf,0,
190,1778847877.277,点位7,0.8681,点位7,0.0265,0.0006,True,False,False,False,inf,0,
191,1778847879.576,点位7,0.8629,点位7,0.0033,0.0012,True,False,False,False,inf,0,
192,1778847881.977,点位7,0.845,点位7,0.006,0.0013,True,False,False,False,inf,0,
193,1778847884.077,点位7,0.8507,点位7,0.0024,0.0011,True,False,False,False,inf,0,
194,1778847886.077,点位7,0.8418,点位7,0.0265,0.0006,True,False,False,False,inf,0,
195,1778847888.377,点位7,0.8483,点位7,0.0546,0.0019,True,False,False,False,inf,0,
196,1778847890.477,点位7,0.8394,点位7,0.006,0.0013,True,False,False,False,inf,0,
197,1778847892.477,点位7,0.8495,点位7,0.0024,0.0011,True,False,False,False,inf,0,
198,1778847894.677,点位7,0.8655,点位7,0.0101,0.0006,True,False,False,False,inf,0,
199,1778847896.777,点位7,0.8982,点位7,0.0361,0.0168,True,False,False,False,inf,0,
200,1778847899.077,点位7,1.2547,点位7,0.518,0.0333,True,False,False,False,inf,0,
201,1778847901.182,点位7,1.9166,点位7,0.7834,0.0634,True,False,False,False,inf,0,
202,1778847903.182,点位7,2.6351,点位7,0.9682,0.2278,True,False,False,False,inf,0,
203,1778847905.277,点位7,3.3382,点位7,2.5113,0.0673,False,False,False,False,inf,0,
204,1778847908.477,点位24,3.3459,点位7,2.752,0.078,False,False,False,False,inf,0,
205,1778847910.777,点位24,2.8304,点位6,7.6972,0.145,False,False,False,False,inf,0,
206,1778847912.877,点位24,2.2735,点位1,4.8906,0.1468,False,False,False,False,inf,0,
207,1778847914.877,点位24,1.796,点位1,5.0027,0.1058,False,True,False,True,3.5368635876688517,3,点位8
208,1778847917.077,点位24,1.8495,点位8,2.9128,0.1295,False,True,False,True,2.7769674156852795,3,点位8
209,1778847919.182,点位8,1.7248,点位8,2.3679,0.1271,False,True,False,True,10.59552524653686,3,点位11
210,1778847921.577,点位8,1.4689,点位11,9.9135,0.0576,False,True,False,True,9.913457199685688,3,点位11
211,1778847923.677,点位8,1.4946,点位11,9.4497,0.0421,False,False,False,False,inf,0,
212,1778847925.977,点位8,1.5403,点位8,0.7131,0.0967,True,False,False,False,inf,0,
213,1778847927.977,点位8,1.6507,点位11,9.1758,0.084,False,False,False,False,inf,0,
214,1778847930.182,点位8,1.9012,点位16,20.5163,0.0753,False,False,False,False,inf,0,
215,1778847932.278,点位8,2.0915,点位16,20.4331,0.075,False,False,False,False,inf,0,
216,1778847934.477,点位8,2.3992,点位23,0.9262,0.1951,True,False,False,False,inf,0,
217,1778847936.778,点位8,2.6818,点位23,0.866,0.2134,True,False,False,False,inf,0,
218,1778847938.878,点位23,2.7055,点位12,9.8956,0.1375,False,False,False,False,inf,0,
219,1778847940.978,点位23,2.4303,点位10,3.7094,0.1265,False,False,False,False,inf,0,
220,1778847942.978,点位23,2.2632,点位8,0.9262,0.1951,True,False,False,False,inf,0,
221,1778847944.978,点位23,2.1197,点位6,15.3745,0.1409,False,False,False,False,inf,0,
222,1778847946.978,点位23,2.0205,点位6,13.5708,0.0944,False,False,False,False,inf,0,
223,1778847949.182,点位23,2.042,点位6,13.0,0.0947,False,False,False,False,inf,0,
224,1778847951.278,点位23,2.1627,点位5,15.0149,0.1551,False,True,True,False,0.8932023909009151,3,点位24
225,1778847953.378,点位23,2.336,点位14,13.903,0.2019,False,True,True,False,0.6794991133180384,4,点位24
226,1778847955.378,点位24,2.3393,点位23,2.7288,0.113,False,True,True,False,0.4521514069424092,5,点位24
227,1778847957.378,点位24,2.2259,点位24,0.2345,0.0545,True,False,False,False,inf,0,
228,1778847959.578,点位24,2.1397,点位24,0.0156,0.0067,True,False,False,False,inf,0,
229,1778847961.578,点位24,2.1491,点位24,0.006,0.0022,True,False,False,False,inf,0,
230,1778847963.678,点位24,2.1504,点位24,0.0154,0.0018,True,False,False,False,inf,0,
231,1778847965.678,点位24,2.144,点位24,0.0115,0.001,True,False,False,False,inf,0,
232,1778847967.978,点位24,2.1484,点位24,0.0068,0.0014,True,False,False,False,inf,0,
233,1778847970.078,点位24,2.1464,点位24,0.0099,0.0017,True,False,False,False,inf,0,
234,1778847972.183,点位24,2.1463,点位24,0.005,0.0105,True,False,False,False,inf,0,
235,1778847974.578,点位24,2.1425,点位24,0.0014,0.002,True,False,False,False,inf,0,
236,1778847976.678,点位24,2.1415,点位24,0.0069,0.0016,True,False,False,False,inf,0,
237,1778847978.678,点位24,2.1425,点位24,0.0059,0.0017,True,False,False,False,inf,0,
238,1778847980.878,点位24,2.1396,点位24,0.0055,0.0014,True,False,False,False,inf,0,
239,1778847982.978,点位24,2.1461,点位24,0.0056,0.0026,True,False,False,False,inf,0,
240,1778847985.078,点位24,2.1469,点位24,0.0068,0.0014,True,False,False,False,inf,0,
241,1778847987.183,点位24,2.1438,点位24,0.005,0.0105,True,False,False,False,inf,0,
242,1778847989.278,点位24,2.1432,点位24,0.0056,0.0014,True,False,False,False,inf,0,
243,1778847991.378,点位24,2.135,点位24,0.0151,0.0044,True,False,False,False,inf,0,
244,1778847993.479,点位24,2.1345,点位24,0.0161,0.0049,True,False,False,False,inf,0,
245,1778847995.679,点位24,2.1374,点位24,0.0115,0.001,True,False,False,False,inf,0,
246,1778847997.68,点位24,2.1313,点位24,0.0117,0.0055,True,False,False,False,inf,0,
247,1778847999.679,点位24,2.1372,点位24,0.0154,0.0018,True,False,False,False,inf,0,
248,1778848001.979,点位24,2.1349,点位24,0.0583,0.0193,True,False,False,False,inf,0,
249,1778848003.979,点位8,2.1023,点位24,0.4796,0.0658,True,False,False,False,inf,0,
250,1778848005.979,点位8,1.6295,点位11,9.2401,0.0453,False,True,False,True,9.24017715522814,3,点位11
251,1778848008.079,点位8,1.5994,点位8,0.7131,0.0967,True,False,False,False,inf,0,
252,1778848010.279,点位8,1.8872,点位11,9.3061,0.0266,False,True,False,True,2.1753225005157293,4,点位9
253,1778848012.579,点位8,2.3447,点位11,9.2355,0.0397,False,True,False,True,1.6731334359219538,5,点位9
254,1778848014.779,点位9,2.228,点位9,1.0432,0.0382,False,True,False,True,1.021765595672511,6,点位9
255,1778848016.879,点位9,1.8944,点位9,0.6462,0.0361,True,False,False,False,inf,0,
256,1778848018.979,点位9,1.6515,点位9,0.1605,0.0096,True,False,False,False,inf,0,
257,1778848021.09,点位9,1.5949,点位9,0.4221,0.0438,True,False,False,False,inf,0,
258,1778848023.184,点位9,1.5758,点位9,0.0725,0.0616,True,False,False,False,inf,0,
259,1778848025.479,点位9,1.582,点位9,0.6499,0.0413,True,False,False,False,inf,0,
260,1778848027.579,点位9,1.5618,点位9,0.1605,0.0096,True,False,False,False,inf,0,
261,1778848029.679,点位9,1.4732,点位9,0.6891,0.0552,True,False,False,False,inf,0,
262,1778848031.879,点位9,1.5427,点位9,0.0936,0.0457,True,False,False,False,inf,0,
263,1778848034.08,点位9,1.6463,点位9,0.4221,0.0438,True,False,False,False,inf,0,
264,1778848036.279,点位9,1.9299,点位9,0.7873,0.0775,True,False,False,False,inf,0,
265,1778848038.379,点位9,2.2967,点位8,2.7681,0.1278,False,True,False,True,2.628785923408582,3,点位10
266,1778848040.38,点位9,2.568,点位8,2.8597,0.1265,False,True,False,True,2.40816348126534,4,点位10
267,1778848042.679,点位10,2.7532,点位10,1.8216,0.0972,False,True,False,True,2.118877610151185,5,点位10
268,1778848044.78,点位10,2.3359,点位12,8.0458,0.1387,False,True,False,True,1.7813763065674817,5,点位10
269,1778848047.08,点位10,1.679,点位10,1.1045,0.1352,False,True,False,True,1.111097277594441,6,点位10
270,1778848049.38,点位10,1.2337,点位10,0.6114,0.0631,True,False,False,False,inf,0,
271,1778848051.48,点位10,1.1753,点位10,0.511,0.1256,True,False,False,False,inf,0,
272,1778848053.583,点位10,1.0636,点位10,0.1618,0.0737,True,False,False,False,inf,0,
273,1778848055.68,点位10,1.0352,点位10,0.2033,0.0438,True,False,False,False,inf,0,
274,1778848057.78,点位10,1.0384,点位10,0.1305,0.0158,True,False,False,False,inf,0,
275,1778848059.98,点位10,1.1532,点位10,0.6643,0.0981,True,False,False,False,inf,0,
276,1778848062.08,点位10,1.3383,点位10,0.368,0.0917,True,False,False,False,inf,0,
277,1778848064.185,点位10,1.4303,点位10,0.2791,0.138,True,False,False,False,inf,0,
278,1778848066.28,点位10,1.5573,点位10,0.2089,0.1583,True,False,False,False,inf,0,
279,1778848068.28,点位10,1.7091,点位10,0.6594,0.1524,True,False,False,False,inf,0,
280,1778848070.28,点位23,1.7292,点位23,0.6415,0.1975,True,False,False,False,inf,0,
281,1778848072.68,点位23,1.6236,点位23,0.5116,0.1509,True,False,False,False,inf,0,
282,1778848074.68,点位23,1.4704,点位23,0.3763,0.1102,True,False,False,False,inf,0,
283,1778848076.88,点位23,1.3097,点位23,0.2871,0.0809,True,False,False,False,inf,0,
284,1778848078.98,点位23,1.195,点位23,0.3038,0.0282,True,False,False,False,inf,0,
285,1778848081.08,点位23,1.0603,点位23,0.3923,0.1031,True,False,False,False,inf,0,
286,1778848083.185,点位23,0.8494,点位23,0.5967,0.1398,True,False,False,False,inf,0,
287,1778848085.38,点位23,0.6,点位18,24.5559,0.0684,False,False,False,False,inf,0,
288,1778848087.38,点位23,0.3987,点位14,11.5943,0.0684,False,False,False,False,inf,0,
289,1778848089.58,点位23,0.3652,点位10,2.0761,0.0648,False,False,False,False,inf,0,
290,1778848091.58,点位23,0.5711,点位10,2.2179,0.0507,False,False,False,False,inf,0,
291,1778848093.981,点位23,0.9685,点位14,11.4235,0.0933,False,False,False,False,inf,0,
292,1778848095.98,点位23,1.3021,点位9,3.6917,0.078,False,False,False,False,inf,0,
293,1778848098.081,点位23,1.6036,点位9,3.6862,0.06,False,True,False,True,1.191301160263199,3,点位10
294,1778848100.581,点位10,1.7218,点位2,13.6692,0.0764,False,True,True,False,0.8984435725881728,4,点位10
295,1778848102.681,点位10,1.4486,点位6,15.9785,0.1048,False,True,True,False,0.6422336009000152,4,点位10
296,1778848104.681,点位10,1.2248,点位10,0.2033,0.0438,True,False,False,False,inf,0,
297,1778848106.781,点位10,1.116,点位10,0.1305,0.0158,True,False,False,False,inf,0,
298,1778848108.981,点位10,1.2465,点位10,0.3435,0.0777,True,False,False,False,inf,0,
299,1778848110.981,点位10,1.6091,点位10,0.9064,0.0854,True,False,False,False,inf,0,
300,1778848113.081,点位10,2.1546,点位23,2.2179,0.0507,False,False,False,False,inf,0,
301,1778848115.681,点位23,2.641,点位19,20.3868,0.0828,False,True,False,True,2.5174176627824174,3,点位22
302,1778848117.881,点位23,2.9987,点位13,10.4606,0.0242,False,True,False,True,1.9047015635657991,4,点位22
303,1778848119.981,点位22,3.3712,点位19,19.6542,0.0152,False,True,False,True,1.2722843897493987,5,点位22
304,1778848122.381,点位22,3.4111,点位22,0.5344,0.0441,True,False,False,False,inf,0,
305,1778848124.381,点位22,3.4441,点位22,0.1107,0.0365,True,False,False,False,inf,0,
306,1778848126.481,点位22,3.4071,点位22,0.0062,0.0008,True,False,False,False,inf,0,
307,1778848128.581,点位22,3.4111,点位22,0.0037,0.0056,True,False,False,False,inf,0,
308,1778848130.981,点位22,3.4102,点位22,0.0053,0.0005,True,False,False,False,inf,0,
309,1778848132.981,点位22,3.4102,点位22,0.0095,0.0009,True,False,False,False,inf,0,
310,1778848135.081,点位22,3.4113,点位22,0.0062,0.0008,True,False,False,False,inf,0,
311,1778848137.186,点位22,3.4105,点位22,0.0055,0.0099,True,False,False,False,inf,0,
312,1778848139.281,点位22,3.4077,点位22,0.0053,0.0005,True,False,False,False,inf,0,
313,1778848141.281,点位22,3.4082,点位22,0.0027,0.001,True,False,False,False,inf,0,
314,1778848143.381,点位22,3.4036,点位22,0.0099,0.0011,True,False,False,False,inf,0,
315,1778848145.481,点位22,3.4091,点位22,0.0052,0.001,True,False,False,False,inf,0,
316,1778848147.481,点位22,3.406,点位22,0.0095,0.0009,True,False,False,False,inf,0,
317,1778848149.881,点位22,3.4729,点位22,0.2412,0.0343,True,False,False,False,inf,0,
318,1778848151.981,点位22,3.7208,点位22,0.3153,0.0995,True,False,False,False,inf,0,
319,1778848154.081,点位22,3.8015,点位22,0.9685,0.1612,True,False,False,False,inf,0,
320,1778848156.082,点位22,3.9088,点位22,3.3395,0.1032,False,False,False,False,inf,0,
321,1778848158.186,点位22,3.9258,点位22,0.8062,0.1319,True,False,False,False,inf,0,
322,1778848160.682,点位22,4.0119,点位22,3.4441,0.0959,False,True,False,True,13.290069383189842,3,点位7
323,1778848162.782,点位22,4.1525,点位22,0.3963,0.0709,True,False,False,False,inf,0,
324,1778848164.982,点位22,4.2694,点位7,13.0721,0.0543,False,True,False,True,13.072165145835635,3,点位7
325,1778848167.282,点位22,4.3749,点位7,12.9833,0.0401,False,False,False,False,inf,0,
326,1778848169.382,点位22,4.4658,点位7,12.9077,0.0408,False,False,False,False,inf,0,
327,1778848171.582,点位22,4.5365,点位22,0.3963,0.0709,True,False,False,False,inf,0,
328,1778848173.583,点位22,4.6281,点位1,9.0322,0.057,False,False,False,False,inf,0,
329,1778848175.982,点位22,4.7981,点位22,0.8211,0.3373,False,False,False,False,inf,0,
330,1778848178.082,点位22,4.7685,点位22,0.4413,0.2578,False,False,False,False,inf,0,
331,1778848180.187,点位22,4.7601,点位22,0.6217,0.2753,False,False,False,False,inf,0,
332,1778848182.382,点位22,4.662,点位16,11.2106,0.1108,False,False,False,False,inf,0,
333,1778848184.582,点位22,4.5903,点位22,0.6133,0.2292,True,False,False,False,inf,0,
334,1778848186.582,点位22,4.4678,点位22,0.4413,0.2438,True,False,False,False,inf,0,
335,1778848188.682,点位22,4.3844,点位22,0.6217,0.2976,False,False,False,False,inf,0,
336,1778848190.882,点位22,4.2203,点位1,8.1563,0.1557,False,False,False,False,inf,0,
337,1778848192.882,点位22,4.0169,点位22,0.6133,0.2759,False,True,False,True,3.1150351667356833,3,点位22
338,1778848194.982,点位22,3.6132,点位1,8.5435,0.1171,False,True,False,True,2.722403814646167,3,点位22
339,1778848196.982,点位22,3.1972,点位19,18.0083,0.1248,False,True,False,True,2.3159952504269095,3,点位22
340,1778848199.187,点位22,2.5566,点位22,1.6816,0.1446,False,True,False,True,1.681608031022688,3,点位22
341,1778848201.282,点位22,1.9278,点位22,1.0766,0.0752,False,True,False,True,1.8497294991430504,4,点位22
342,1778848203.482,点位22,1.2967,点位22,0.6026,0.139,True,False,False,False,inf,0,
343,1778848205.583,点位22,0.8727,点位22,0.7616,0.0408,True,False,False,False,inf,0,
344,1778848207.782,点位22,0.4211,点位22,0.267,0.0302,True,False,False,False,inf,0,
345,1778848209.983,点位22,0.275,点位22,0.0067,0.0038,True,False,False,False,inf,0,
346,1778848212.083,点位22,0.2843,点位22,0.0117,0.0004,True,False,False,False,inf,0,
347,1778848214.283,点位22,0.2782,点位22,0.0072,0.0068,True,False,False,False,inf,0,
348,1778848216.683,点位22,0.278,点位22,0.0059,0.0004,True,False,False,False,inf,0,
349,1778848218.683,点位22,0.2806,点位22,0.0112,0.0,True,False,False,False,inf,0,
350,1778848220.783,点位22,0.2731,点位22,0.0045,0.0001,True,False,False,False,inf,0,
351,1778848222.783,点位22,0.2721,点位22,0.0068,0.0,True,False,False,False,inf,0,
352,1778848225.187,点位22,0.2769,点位22,0.0032,0.0132,True,False,False,False,inf,0,
353,1778848227.383,点位22,0.2736,点位22,0.0059,0.0004,True,False,False,False,inf,0,
354,1778848229.483,点位22,0.2775,点位22,0.004,0.0005,True,False,False,False,inf,0,
355,1778848231.483,点位22,0.2721,点位22,0.0078,0.0005,True,False,False,False,inf,0,
356,1778848233.683,点位22,0.2694,点位22,0.0068,0.0,True,False,False,False,inf,0,
357,1778848235.783,点位22,0.2717,点位22,0.0045,0.0001,True,False,False,False,inf,0,
358,1778848237.783,点位22,0.1595,点位11,0.4324,0.1034,True,False,False,False,inf,0,
359,1778848239.883,点位11,0.2067,点位11,0.1878,0.1196,True,False,False,False,inf,0,
360,1778848241.883,点位11,0.3481,点位11,0.7217,0.0991,True,False,False,False,inf,0,
361,1778848244.383,点位11,0.4843,点位11,0.1974,0.0302,True,False,False,False,inf,0,
362,1778848246.383,点位11,0.5897,点位11,0.7758,0.127,True,False,False,False,inf,0,
363,1778848248.483,点位11,0.5745,点位11,0.4473,0.4075,False,False,False,False,inf,0,
364,1778848250.583,点位11,0.5923,点位11,0.1841,0.3558,False,False,False,False,inf,0,
365,1778848252.683,点位11,0.6945,点位11,0.7215,0.2264,True,False,False,False,inf,0,
366,1778848254.683,点位11,0.8405,点位11,0.7731,0.2798,False,False,False,False,inf,0,
367,1778848256.783,点位11,0.8491,点位8,10.0752,0.1019,False,False,False,False,inf,0,
368,1778848258.783,点位11,0.872,点位8,9.3262,0.0488,False,True,True,False,0.8703661304940071,3,点位22
369,1778848261.084,点位11,0.8113,点位22,0.8772,0.0939,True,False,False,False,inf,0,
370,1778848263.483,点位22,0.6362,点位21,4.492,0.0184,False,True,True,False,0.6613763017375199,4,点位11
371,1778848265.584,点位22,0.3493,点位22,0.8467,0.2664,False,True,True,False,0.634801475108558,5,点位11
372,1778848267.684,点位22,0.2488,点位11,0.3778,0.1472,True,False,False,False,inf,0,
373,1778848269.784,点位11,0.3765,点位11,0.4826,0.0914,True,False,False,False,inf,0,
374,1778848271.984,点位11,0.1964,点位11,0.0289,0.0335,True,False,False,False,inf,0,
375,1778848273.984,点位11,0.1939,点位11,0.0246,0.0019,True,False,False,False,inf,0,
376,1778848276.084,点位11,0.189,点位11,0.0185,0.0006,True,False,False,False,inf,0,
377,1778848278.188,点位11,0.1866,点位11,0.0133,0.0219,True,False,False,False,inf,0,
378,1778848280.188,点位11,0.1795,点位11,0.0094,0.0239,True,False,False,False,inf,0,
379,1778848282.584,点位11,0.1865,点位11,0.0131,0.0006,True,False,False,False,inf,0,
380,1778848284.884,点位11,0.1777,点位11,0.0246,0.0019,True,False,False,False,inf,0,
381,1778848287.084,点位11,0.178,点位11,0.0185,0.0006,True,False,False,False,inf,0,
382,1778848289.284,点位11,0.1796,点位11,0.0097,0.0006,True,False,False,False,inf,0,
383,1778848291.384,点位11,0.1841,点位11,0.0131,0.0006,True,False,False,False,inf,0,
384,1778848293.484,点位11,0.1065,点位11,0.3782,0.0533,True,False,False,False,inf,0,
385,1778848295.484,点位11,0.6435,点位11,0.1974,0.0302,True,False,False,False,inf,0,
386,1778848297.484,点位11,1.0112,点位11,0.5328,0.1002,True,False,False,False,inf,0,
387,1778848299.684,点位12,1.4277,点位15,5.0478,0.1815,False,True,False,True,2.88198032005772,5,点位21
388,1778848301.884,点位12,1.0535,点位21,2.2858,0.0779,False,True,False,True,2.5093263074379135,5,点位21
389,1778848303.984,点位12,0.5162,点位21,1.7285,0.0767,False,True,False,True,2.0070995797730133,4,点位21
390,1778848305.984,点位12,0.1363,点位21,1.8407,0.0388,False,True,False,True,1.591782554943426,3,点位21
391,1778848308.285,点位12,0.5359,点位21,0.9216,0.0299,True,False,False,False,inf,0,
392,1778848310.284,点位21,0.463,点位21,0.4753,0.0277,True,False,False,False,inf,0,
393,1778848312.384,点位21,0.6992,点位2,21.7024,0.1456,False,False,False,False,inf,0,
394,1778848314.485,点位21,0.9213,点位22,4.4574,0.0533,False,False,False,False,inf,0,
395,1778848316.684,点位21,1.0716,点位21,0.4257,0.1146,True,False,False,False,inf,0,
396,1778848318.785,点位21,1.1831,点位19,17.4122,0.0326,False,False,False,False,inf,0,
397,1778848320.885,点位21,1.2463,点位13,2.879,0.0336,False,False,False,False,inf,0,
398,1778848323.189,点位21,1.3333,点位13,2.8818,0.0479,False,False,False,False,inf,0,
399,1778848325.285,点位21,1.4907,点位13,2.6361,0.0391,False,True,False,True,2.3450365190238616,3,点位13
400,1778848327.285,点位21,1.5376,点位13,2.351,0.0987,False,True,False,True,2.4761238965591197,3,点位13
401,1778848329.285,点位21,1.4957,点位21,0.7993,0.2586,False,False,False,False,inf,0,
402,1778848331.385,点位21,1.3358,点位21,1.1921,0.0721,False,False,False,False,inf,0,
403,1778848333.485,点位21,1.0779,点位21,1.0733,0.1134,False,False,False,False,inf,0,
404,1778848335.685,点位21,1.0385,点位13,2.355,0.1983,False,False,False,False,inf,0,
405,1778848337.985,点位21,0.742,点位14,2.816,0.1382,False,False,False,False,inf,0,
406,1778848340.085,点位21,0.511,点位14,2.6576,0.1614,False,True,True,False,0.45152204818812536,3,点位21
407,1778848342.085,点位21,0.45,点位17,16.385,0.0597,False,True,True,False,0.2702627101543968,4,点位21
408,1778848344.189,点位21,0.5816,点位12,0.9216,0.0299,True,False,False,False,inf,0,
409,1778848346.19,点位21,0.6525,点位21,0.0079,0.0275,True,False,False,False,inf,0,
410,1778848348.285,点位21,0.6512,点位21,0.0158,0.0003,True,False,False,False,inf,0,
411,1778848350.285,点位21,0.6586,点位21,0.01,0.0,True,False,False,False,inf,0,
412,1778848352.385,点位21,0.6509,点位21,0.001,0.0,True,False,False,False,inf,0,
413,1778848354.385,点位21,0.6646,点位21,0.0186,0.0001,True,False,False,False,inf,0,
414,1778848356.585,点位21,0.6551,点位21,0.0087,0.0,True,False,False,False,inf,0,
415,1778848358.685,点位21,0.652,点位21,0.0066,0.0,True,False,False,False,inf,0,
416,1778848360.786,点位21,0.6499,点位21,0.01,0.0,True,False,False,False,inf,0,
417,1778848362.785,点位21,0.6468,点位21,0.0178,0.0003,True,False,False,False,inf,0,
418,1778848364.885,点位21,0.646,点位21,0.0186,0.0001,True,False,False,False,inf,0,
419,1778848367.085,点位21,0.6481,点位21,0.0087,0.0,True,False,False,False,inf,0,
420,1778848369.286,点位21,0.6522,点位21,0.0095,0.0001,True,False,False,False,inf,0,
421,1778848371.385,点位21,0.6398,点位21,0.0158,0.0003,True,False,False,False,inf,0,
422,1778848373.386,点位21,0.6495,点位21,0.0093,0.0001,True,False,False,False,inf,0,
423,1778848375.486,点位21,0.9752,点位21,0.3445,0.0542,True,False,False,False,inf,0,
424,1778848377.486,点位13,1.7623,点位21,0.707,0.2925,False,True,True,False,0.40474834156547174,3,点位13
425,1778848379.586,点位13,1.1262,点位18,16.9442,0.0478,False,True,True,False,0.27230765688830616,3,点位13
426,1778848381.686,点位13,0.7977,点位13,0.6046,0.181,True,False,False,False,inf,0,
427,1778848383.886,点位13,0.6188,点位13,0.7986,0.169,True,False,False,False,inf,0,
428,1778848385.986,点位13,0.5444,点位13,0.881,0.1367,True,False,False,False,inf,0,
429,1778848388.19,点位13,0.3795,点位19,17.7145,0.0353,False,False,False,False,inf,0,
430,1778848390.286,点位13,0.3229,点位19,17.7595,0.0214,False,True,False,True,17.907470576208627,3,点位18
431,1778848392.486,点位13,0.3408,点位13,1.1173,0.0168,False,True,False,True,1.033883333736344,3,点位13
432,1778848394.586,点位13,0.2527,点位13,1.2172,0.0225,False,True,False,True,17.96248442609701,3,点位18
433,1778848396.686,点位13,0.1325,点位18,18.0176,0.0664,False,True,False,True,18.08950945496066,3,点位18
434,1778848398.786,点位13,0.2194,点位18,18.1702,0.0671,False,True,False,True,1.0768309472191482,3,点位13
435,1778848400.886,点位13,0.4662,点位18,18.4633,0.0643,False,True,True,False,0.9918950448510147,4,点位13
436,1778848402.886,点位13,0.7057,点位13,0.7431,0.2242,True,False,False,False,inf,0,
437,1778848404.986,点位13,0.9428,点位13,0.493,0.2552,False,True,True,False,0.4791624033665409,5,点位13
438,1778848407.086,点位13,1.1222,点位13,0.1641,0.1198,True,False,False,False,inf,0,
439,1778848409.191,点位13,1.2154,点位13,0.0092,0.0403,True,False,False,False,inf,0,
440,1778848411.286,点位13,1.2066,点位13,0.0175,0.0259,True,False,False,False,inf,0,
441,1778848413.386,点位13,1.2268,点位13,0.0214,0.0094,True,False,False,False,inf,0,
442,1778848415.386,点位13,1.2094,点位13,0.0075,0.0001,True,False,False,False,inf,0,
443,1778848418.286,点位13,1.2232,点位13,0.0077,0.0,True,False,False,False,inf,0,
444,1778848420.586,点位13,1.2216,点位13,0.0117,0.0025,True,False,False,False,inf,0,
445,1778848424.487,点位13,1.2147,点位13,0.0157,0.0,True,False,False,False,inf,0,
446,1778848427.193,点位13,1.2212,点位13,0.0042,0.0048,True,False,False,False,inf,0,
447,1778848430.787,点位13,1.2086,点位13,0.003,0.0,True,False,False,False,inf,0,
448,1778848433.191,点位13,1.2155,点位13,0.0043,0.0044,True,False,False,False,inf,0,
449,1778848436.087,点位13,1.2192,点位13,0.0045,0.0,True,False,False,False,inf,0,
450,1778848439.287,点位13,1.2192,点位13,0.0116,0.0,True,False,False,False,inf,0,
451,1778848442.687,点位13,1.2159,点位13,0.0039,0.0,True,False,False,False,inf,0,
452,1778848445.087,点位13,1.2149,点位13,0.0102,0.0,True,False,False,False,inf,0,
453,1778848448.787,点位13,1.2215,点位13,0.0053,0.0,True,False,False,False,inf,0,
454,1778848450.887,点位13,1.2157,点位13,0.0052,0.0,True,False,False,False,inf,0,
455,1778848451.487,点位13,1.2132,点位13,0.0074,0.0,True,False,False,False,inf,0,
456,1778848453.688,点位13,1.211,点位13,0.0104,0.0,True,False,False,False,inf,0,
457,1778848457.192,点位13,1.217,点位13,0.0043,0.0044,True,False,False,False,inf,0,
458,1778848461.287,点位13,1.2147,点位13,0.0052,0.0,True,False,False,False,inf,0,
459,1778848463.087,点位13,1.2058,点位13,0.0098,0.0,True,False,False,False,inf,0,
460,1778848465.987,点位13,1.2168,点位13,0.0053,0.0,True,False,False,False,inf,0,
461,1778848468.688,点位13,1.2152,点位13,0.0102,0.0,True,False,False,False,inf,0,
462,1778848472.587,点位13,1.2172,点位13,0.0053,0.0,True,False,False,False,inf,0,
463,1778848475.087,点位13,1.2169,点位13,0.0074,0.0,True,False,False,False,inf,0,
464,1778848478.088,点位13,1.2073,点位13,0.0015,0.0,True,False,False,False,inf,0,
465,1778848482.388,点位13,1.208,点位13,0.003,0.0,True,False,False,False,inf,0,
466,1778848484.488,点位13,1.2076,点位13,0.0116,0.0,True,False,False,False,inf,0,
467,1778848484.588,点位13,1.2082,点位13,0.0004,0.0,True,False,False,False,inf,0,
468,1778848486.788,点位13,1.2923,点位13,0.1234,0.0588,True,False,False,False,inf,0,
469,1778848491.288,点位14,1.3785,点位14,0.0079,0.004,True,False,False,False,inf,0,
470,1778848493.388,点位14,1.3813,点位14,0.0021,0.0115,True,False,False,False,inf,0,
471,1778848496.388,点位14,1.3768,点位14,0.0102,0.0134,True,False,False,False,inf,0,
472,1778848499.588,点位14,1.3842,点位14,0.0035,0.0064,True,False,False,False,inf,0,
473,1778848502.588,点位14,1.3734,点位14,0.0079,0.004,True,False,False,False,inf,0,
474,1778848506.388,点位14,1.3817,点位14,0.0088,0.0073,True,False,False,False,inf,0,
475,1778848508.288,点位14,1.3865,点位14,0.0126,0.0162,True,False,False,False,inf,0,
476,1778848512.288,点位14,1.381,点位14,0.0102,0.0065,True,False,False,False,inf,0,
477,1778848514.688,点位14,1.3876,点位14,0.0035,0.0064,True,False,False,False,inf,0,
478,1778848517.488,点位14,1.3731,点位14,0.0088,0.0073,True,False,False,False,inf,0,
479,1778848521.388,点位14,1.2931,点位14,0.0888,0.0632,True,False,False,False,inf,0,
480,1778848523.088,点位14,1.0512,点位14,0.3314,0.0705,True,False,False,False,inf,0,
481,1778848526.788,点位14,0.345,点位14,1.0716,0.081,False,False,False,False,inf,0,
482,1778848530.089,点位14,0.4898,点位14,1.78,0.0832,False,False,False,False,inf,0,
483,1778848533.488,点位14,1.5237,点位15,2.156,0.0592,False,False,False,False,inf,0,
484,1778848535.489,点位15,1.4752,点位20,9.3499,0.0861,False,False,False,False,inf,0,
485,1778848538.889,点位15,1.0253,点位20,8.6542,0.1026,False,True,False,True,3.985726655761085,3,点位16
486,1778848542.789,点位15,0.4235,点位16,1.9404,0.073,False,True,False,True,3.4071519819528153,4,点位16
487,1778848545.089,点位15,0.1713,点位14,2.156,0.0592,False,True,False,True,2.8811869916407713,5,点位16
488,1778848547.089,点位15,0.6033,点位16,2.1756,0.0683,False,True,False,True,2.409357125239935,6,点位16
489,1778848548.589,点位15,1.004,点位16,2.2154,0.0703,False,True,False,True,2.0574142287833053,5,点位16
490,1778848550.889,点位16,1.4678,点位16,1.5215,0.0718,False,True,False,True,1.5214663749159887,4,点位16
491,1778848554.193,点位16,0.7233,点位16,0.7678,0.0684,True,False,False,False,inf,0,
492,1778848557.589,点位16,0.3016,点位16,0.3156,0.0618,True,False,False,False,inf,0,
493,1778848559.089,点位16,0.3082,点位16,0.2336,0.0811,True,False,False,False,inf,0,
494,1778848562.289,点位16,0.3394,点位8,20.7529,0.1059,False,False,False,False,inf,0,
495,1778848565.99,点位16,0.45,点位14,6.0183,0.0706,False,False,False,False,inf,0,
496,1778848568.389,点位16,0.4327,点位16,0.9704,0.1148,True,False,False,False,inf,0,
497,1778848572.689,点位16,0.4048,点位16,0.9116,0.1669,True,False,False,False,inf,0,
498,1778848574.789,点位16,0.2765,点位15,2.2239,0.0816,False,True,True,False,0.04182309469659016,4,点位16
499,1778848576.689,点位16,0.1873,点位17,7.6958,0.0689,False,True,True,False,0.09718714549774699,4,点位16
500,1778848577.789,点位16,0.0747,点位16,0.3156,0.0618,True,False,False,False,inf,0,
501,1778848581.69,点位16,0.5181,点位16,0.6331,0.2126,True,False,False,False,inf,0,
502,1778848584.69,点位16,1.0146,点位16,0.9116,0.1669,True,False,False,False,inf,0,
503,1778848586.49,点位16,1.1979,点位16,0.9704,0.1148,True,False,False,False,inf,0,
504,1778848589.79,点位16,1.4702,点位19,7.9706,0.1033,False,False,False,False,inf,0,
505,1778848592.59,点位16,1.5042,点位16,1.7853,0.0919,False,False,False,False,inf,0,
506,1778848596.194,点位16,2.0027,点位2,27.6003,0.1312,False,False,False,False,inf,0,
507,1778848600.09,点位20,1.952,点位16,3.3467,0.1154,False,False,False,False,inf,0,
508,1778848603.09,点位20,1.7771,点位2,30.2088,0.0944,False,True,False,True,3.906055776042576,3,点位17
509,1778848605.39,点位17,1.4037,点位15,9.3143,0.091,False,True,False,True,2.936512653216396,4,点位17
510,1778848608.59,点位17,0.5466,点位15,10.4696,0.06,False,True,False,True,1.7653634804198246,5,点位17
511,1778848610.59,点位17,0.7662,点位17,0.9916,0.0752,True,False,False,False,inf,0,
512,1778848612.69,点位17,1.1185,点位17,0.6973,0.0659,True,False,False,False,inf,0,
513,1778848614.79,点位17,1.5379,点位17,0.284,0.0164,True,False,False,False,inf,0,
514,1778848616.69,点位17,1.5929,点位17,0.0086,0.0,True,False,False,False,inf,0,
515,1778848619.69,点位17,1.6072,点位17,0.0208,0.0,True,False,False,False,inf,0,
516,1778848623.69,点位17,1.6166,点位17,0.0331,0.0,True,False,False,False,inf,0,
517,1778848625.59,点位17,1.6039,点位17,0.0084,0.0,True,False,False,False,inf,0,
518,1778848629.195,点位17,1.5739,点位17,0.0227,0.0315,True,False,False,False,inf,0,
519,1778848631.89,点位17,1.5874,点位17,0.0137,0.0003,True,False,False,False,inf,0,
520,1778848634.491,点位17,1.608,点位17,0.029,0.0,True,False,False,False,inf,0,
521,1778848638.091,点位17,1.5731,点位17,0.0241,0.0,True,False,False,False,inf,0,
522,1778848640.991,点位17,1.6052,点位17,0.0331,0.0,True,False,False,False,inf,0,
523,1778848643.691,点位17,1.599,点位17,0.0084,0.0,True,False,False,False,inf,0,
524,1778848647.091,点位17,1.6002,点位17,0.0076,0.0003,True,False,False,False,inf,0,
525,1778848650.591,点位17,1.5933,点位17,0.0241,0.0,True,False,False,False,inf,0,
526,1778848654.091,点位17,1.6096,点位17,0.0071,0.0,True,False,False,False,inf,0,
527,1778848655.891,点位17,1.6054,点位17,0.0181,0.0013,True,False,False,False,inf,0,
528,1778848660.891,点位17,1.6137,点位17,0.0264,0.0013,True,False,False,False,inf,0,
529,1778848662.291,点位17,1.6078,点位17,0.0238,0.0012,True,False,False,False,inf,0,
530,1778848664.991,点位17,1.6126,点位17,0.0071,0.0,True,False,False,False,inf,0,
531,1778848667.891,点位17,1.7443,点位17,0.284,0.0164,True,False,False,False,inf,0,
532,1778848671.391,点位17,1.847,点位17,0.4249,0.0248,True,False,False,False,inf,0,
533,1778848673.391,点位18,1.9763,点位17,0.7113,0.0438,True,False,False,False,inf,0,
534,1778848675.391,点位18,1.813,点位17,0.9169,0.0415,True,False,False,False,inf,0,
535,1778848677.091,点位18,1.8402,点位17,0.9238,0.0908,True,False,False,False,inf,0,
536,1778848680.891,点位18,1.8438,点位17,0.9347,0.1407,True,False,False,False,inf,0,
537,1778848682.991,点位18,1.9267,点位17,0.997,0.1563,True,False,False,False,inf,0,
538,1778848683.691,点位18,1.9597,点位17,0.9807,0.1768,True,False,False,False,inf,0,
539,1778848686.891,点位18,2.0925,点位16,8.3837,0.0944,False,True,False,True,17.756388468786227,3,点位13
540,1778848688.692,点位18,2.1474,点位13,17.9366,0.1009,False,True,False,True,17.674861392321517,3,点位13
541,1778848692.092,点位18,2.2427,点位13,17.4956,0.1558,False,False,False,False,inf,0,
542,1778848695.092,点位17,2.0983,点位13,17.0077,0.1158,False,True,False,True,17.034729321659977,3,点位21
543,1778848698.292,点位17,1.7125,点位16,7.6958,0.0689,False,True,False,True,16.6458009123172,4,点位21
544,1778848701.992,点位17,1.4584,点位21,16.385,0.0597,False,True,False,True,16.370861655163424,4,点位21
545,1778848704.392,点位17,1.4894,点位21,16.3244,0.0465,False,True,False,True,16.324339242370577,3,点位21
546,1778848707.196,点位17,1.6162,点位17,0.8865,0.2693,False,True,False,True,16.671212123164754,3,点位13
547,1778848709.792,点位18,1.4745,点位21,16.298,0.0434,False,True,False,True,16.65155760979201,3,点位13
548,1778848713.292,点位18,0.8062,点位21,16.4251,0.0663,False,True,False,True,16.95417920233828,4,点位13
549,1778848716.292,点位18,0.8381,点位13,16.9442,0.0478,False,True,False,True,16.858697553488526,4,点位13
550,1778848719.592,点位19,0.5073,点位13,17.231,0.0316,False,True,False,True,17.1605709650058,4,点位13
551,1778848721.993,点位19,0.036,点位13,17.426,0.0501,False,True,False,True,17.335128147332643,3,点位13
552,1778848726.392,点位19,0.1635,点位22,18.8102,0.0053,False,False,False,False,inf,0,
553,1778848728.292,点位19,0.2484,点位13,17.7315,0.0272,False,False,False,False,inf,0,
554,1778848730.992,点位19,0.4603,点位13,16.7563,0.0725,False,True,False,True,17.05282182618336,3,点位13
555,1778848734.197,点位19,0.5526,点位13,17.1346,0.0904,False,True,False,True,17.369653029765573,3,点位13
556,1778848737.892,点位19,0.4158,点位16,8.3992,0.0777,False,False,False,False,inf,0,
557,1778848741.393,点位19,0.4405,点位19,0.8381,0.2642,False,False,False,False,inf,0,
558,1778848744.392,点位19,0.417,点位19,0.9064,0.295,False,False,False,False,inf,0,
559,1778848746.493,点位19,0.501,点位13,17.3367,0.1123,False,False,False,False,inf,0,
560,1778848746.793,点位19,0.5071,点位13,17.3009,0.1113,False,False,False,False,inf,0,
561,1778848748.993,点位19,0.5544,点位19,0.8381,0.2642,False,False,False,False,inf,0,
562,1778848752.197,点位19,0.6712,点位19,0.9064,0.295,False,True,False,True,12.384862478041487,3,点位15
563,1778848755.493,点位19,1.4974,点位14,13.0502,0.078,False,True,False,True,11.54987589240681,3,点位15
564,1778848759.693,点位20,1.8411,点位20,2.8372,0.0819,False,True,False,True,10.39123335220608,3,点位15
565,1778848762.993,点位20,1.0855,点位15,9.3499,0.0861,False,True,False,True,9.349828443880668,3,点位15
566,1778848764.493,点位20,1.033,点位15,9.0826,0.0894,False,False,False,False,inf,0,
567,1778848767.793,点位20,1.2626,点位15,8.3193,0.1096,False,True,False,True,15.065175585693577,3,点位22
568,1778848770.593,点位20,1.7233,点位20,2.8372,0.0819,False,True,False,True,14.540804816255681,3,点位22
569,1778848773.993,点位20,2.7484,点位16,1.9837,0.0317,False,True,False,True,13.562168775965656,3,点位22
570,1778848776.693,点位20,3.4776,点位22,12.7971,0.0696,False,True,False,True,12.88181762587291,4,点位22
571,1778848779.893,点位20,3.6463,点位22,12.7621,0.1025,False,True,False,True,12.77485375850194,3,点位22
572,1778848783.093,点位16,3.7967,点位22,12.4796,0.1076,False,False,False,False,inf,0,
573,1778848785.993,点位16,3.8946,点位20,1.9837,0.0317,False,False,False,False,inf,0,
574,1778848788.393,点位16,3.9835,点位20,2.3292,0.0393,False,True,False,True,11.52812332669787,3,点位22
575,1778848791.893,点位16,3.9144,点位22,11.3581,0.0994,False,True,False,True,11.236596433776358,3,点位22
576,1778848794.493,点位15,3.9747,点位24,18.5527,0.1223,False,False,False,False,inf,0,
577,1778848797.794,点位15,4.0697,点位1,18.9751,0.14,False,False,False,False,inf,0,
578,1778848801.794,点位15,4.3155,点位22,9.7842,0.077,False,False,False,False,inf,0,
579,1778848803.894,点位15,4.2796,点位22,9.5917,0.0686,False,False,False,False,inf,0,
580,1778848808.198,点位15,4.116,点位1,18.0837,0.2156,False,False,False,False,inf,0,
581,1778848810.198,点位15,4.0948,点位22,6.72,0.1074,False,True,True,False,0.33205345787823104,3,点位15
582,1778848810.494,点位15,4.0924,点位22,6.731,0.0953,False,True,True,False,0.32521619059480966,4,点位15
583,1778848813.994,点位15,4.2056,点位11,5.8462,0.0971,False,True,True,False,0.1914566478344369,5,点位15
584,1778848817.894,点位15,4.3444,点位15,0.0785,0.1051,True,False,False,False,inf,0,
585,1778848819.794,点位15,4.3753,点位15,0.0405,0.0152,True,False,False,False,inf,0,
586,1778848823.694,点位15,4.3171,点位15,0.0161,0.0001,True,False,False,False,inf,0,
587,1778848825.294,点位15,4.3122,点位15,0.0244,0.0001,True,False,False,False,inf,0,
588,1778848828.094,点位15,4.3235,点位15,0.0137,0.0024,True,False,False,False,inf,0,
589,1778848831.394,点位15,4.3158,点位15,0.0069,0.0,True,False,False,False,inf,0,
590,1778848835.199,点位15,4.3161,点位15,0.0158,0.0185,True,False,False,False,inf,0,
591,1778848837.694,点位15,4.3141,点位15,0.0047,0.0,True,False,False,False,inf,0,
592,1778848839.894,点位15,4.3158,点位15,0.0035,0.0,True,False,False,False,inf,0,
593,1778848843.694,点位15,4.3165,点位15,0.0072,0.0,True,False,False,False,inf,0,
594,1778848846.495,点位15,4.3138,点位15,0.0172,0.0,True,False,False,False,inf,0,
595,1778848850.595,点位15,4.3161,点位15,0.002,0.0,True,False,False,False,inf,0,
596,1778848852.995,点位15,4.3179,点位15,0.0069,0.0,True,False,False,False,inf,0,
597,1778848856.095,点位15,4.3349,点位15,0.0175,0.0,True,False,False,False,inf,0,
598,1778848858.295,点位15,4.3318,点位15,0.0186,0.0,True,False,False,False,inf,0,
599,1778848862.695,点位15,4.3302,点位15,0.0211,0.0,True,False,False,False,inf,0,
600,1778848865.095,点位15,4.3198,点位15,0.0172,0.0,True,False,False,False,inf,0,
601,1778848867.395,点位15,4.3167,点位15,0.0035,0.0,True,False,False,False,inf,0,
602,1778848870.895,点位15,4.3225,点位15,0.0175,0.0,True,False,False,False,inf,0,
603,1778848873.795,点位15,3.9922,点位15,0.3418,0.1409,True,False,False,False,inf,0,
604,1778848876.395,点位15,3.3473,点位15,0.9772,0.2105,True,False,False,False,inf,0,
605,1778848879.895,点位15,2.9606,点位17,10.4696,0.06,False,True,False,True,11.002916189413153,4,点位17
606,1778848883.595,点位14,2.1264,点位17,12.2111,0.0603,False,True,False,True,12.210984034466675,3,点位17
607,1778848885.695,点位14,1.4992,点位17,12.9927,0.0648,False,True,False,True,2.5499567458205163,3,点位13
608,1778848885.895,点位14,1.493,点位17,13.0595,0.0647,False,True,False,True,2.4874893746283404,3,点位13
609,1778848888.2,点位14,1.3953,点位18,15.838,0.097,False,True,False,True,1.5335359322675015,3,点位13
610,1778848891.595,点位13,1.7335,点位13,0.6876,0.0392,True,False,False,False,inf,0,
611,1778848895.595,点位13,1.7203,点位13,0.4459,0.0829,True,False,False,False,inf,0,
612,1778848898.596,点位21,1.7638,点位13,0.4468,0.0476,True,False,False,False,inf,0,
613,1778848902.096,点位21,1.4271,点位21,0.5848,0.0442,True,False,False,False,inf,0,
614,1778848905.296,点位21,1.0194,点位21,1.1921,0.0721,False,False,False,False,inf,0,
615,1778848906.396,点位21,0.903,点位21,1.216,0.113,False,False,False,False,inf,0,
616,1778848910.596,点位21,0.8971,点位13,1.6221,0.1085,False,False,False,False,inf,0,
617,1778848913.396,点位21,1.3117,点位21,1.5612,0.0654,False,False,False,False,inf,0,
618,1778848916.596,点位14,1.4802,点位14,0.8634,0.2456,True,False,False,False,inf,0,
619,1778848918.596,点位14,1.2507,点位18,15.478,0.0584,False,True,False,True,1.1451245360767537,4,点位13
620,1778848918.896,点位14,1.2147,点位18,15.4923,0.0543,False,True,False,True,1.1845124156377589,5,点位13
621,1778848923.201,点位14,1.4954,点位13,0.8407,0.067,True,False,False,False,inf,0,
622,1778848924.996,点位13,1.4449,点位13,0.6876,0.0392,True,False,False,False,inf,0,
623,1778848927.201,点位13,1.3089,点位13,0.3623,0.1198,True,False,False,False,inf,0,
624,1778848931.596,点位13,1.3979,点位13,0.0065,0.001,True,False,False,False,inf,0,
625,1778848933.596,点位13,1.3975,点位13,0.0082,0.0002,True,False,False,False,inf,0,
626,1778848934.497,点位13,1.3869,点位13,0.0061,0.0,True,False,False,False,inf,0,
627,1778848936.396,点位13,1.4009,点位13,0.0035,0.0,True,False,False,False,inf,0,
628,1778848940.297,点位13,1.4039,点位13,0.0032,0.0002,True,False,False,False,inf,0,
629,1778848942.496,点位13,1.4024,点位13,0.011,0.0,True,False,False,False,inf,0,
630,1778848945.201,点位13,1.3897,点位13,0.005,0.0001,True,False,False,False,inf,0,
631,1778848948.201,点位13,1.393,点位13,0.0084,0.0,True,False,False,False,inf,0,
632,1778848952.297,点位13,1.3941,点位13,0.02,0.0,True,False,False,False,inf,0,
633,1778848955.597,点位13,1.406,点位13,0.0153,0.0,True,False,False,False,inf,0,
634,1778848958.201,点位13,1.4001,点位13,0.0178,0.0,True,False,False,False,inf,0,
635,1778848961.397,点位13,1.4011,点位13,0.0148,0.0022,True,False,False,False,inf,0,
636,1778848963.897,点位13,1.4048,点位13,0.0052,0.0,True,False,False,False,inf,0,
637,1778848966.698,点位13,1.4008,点位13,0.0128,0.0,True,False,False,False,inf,0,
638,1778848969.597,点位13,1.3818,点位13,0.02,0.0,True,False,False,False,inf,0,
639,1778848973.797,点位13,1.3851,点位13,0.0135,0.0006,True,False,False,False,inf,0,
640,1778848975.597,点位13,1.3836,点位13,0.009,0.0,True,False,False,False,inf,0,
641,1778848978.397,点位13,1.3845,点位13,0.0038,0.0,True,False,False,False,inf,0,
642,1778848982.097,点位13,1.3934,点位13,0.0042,0.0,True,False,False,False,inf,0,
643,1778848984.397,点位13,1.3839,点位13,0.0118,0.0,True,False,False,False,inf,0,
644,1778848987.497,点位13,1.3976,点位13,0.0176,0.0,True,False,False,False,inf,0,
645,1778848991.202,点位13,1.3847,点位13,0.0084,0.0,True,False,False,False,inf,0,
646,1778848993.598,点位13,1.3876,点位13,0.0038,0.0,True,False,False,False,inf,0,
647,1778848997.097,点位13,1.3953,点位13,0.0042,0.0,True,False,False,False,inf,0,
648,1778848999.898,点位13,1.3895,点位13,0.004,0.0,True,False,False,False,inf,0,
649,1778849003.202,点位13,1.4123,点位13,0.0178,0.0,True,False,False,False,inf,0,
650,1778849006.698,点位13,1.3988,点位13,0.0086,0.0038,True,False,False,False,inf,0,
651,1778849008.398,点位13,1.3912,点位13,0.0195,0.0,True,False,False,False,inf,0,
652,1778849011.998,点位13,1.4034,点位13,0.0035,0.0,True,False,False,False,inf,0,
653,1778849015.698,点位13,1.4143,点位13,0.0176,0.0,True,False,False,False,inf,0,
654,1778849017.298,点位13,1.3889,点位13,0.009,0.0,True,False,False,False,inf,0,
655,1778849020.798,点位13,1.3957,点位13,0.0137,0.0,True,False,False,False,inf,0,
656,1778849024.298,点位13,1.4124,点位13,0.011,0.0,True,False,False,False,inf,0,
657,1778849026.398,点位13,1.4006,点位13,0.0153,0.0,True,False,False,False,inf,0,
658,1778849026.899,点位13,1.4099,点位13,0.0052,0.0,True,False,False,False,inf,0,
659,1778849030.098,点位13,1.527,点位21,0.4468,0.0476,True,False,False,False,inf,0,
660,1778849033.498,点位21,1.3733,点位21,0.345,0.0775,True,False,False,False,inf,0,
661,1778849036.099,点位21,1.072,点位21,0.5848,0.0442,True,False,False,False,inf,0,
662,1778849039.498,点位21,0.3482,点位23,7.7342,0.0986,False,False,False,False,inf,0,
663,1778849042.203,点位21,0.437,点位22,4.6176,0.1521,False,False,False,False,inf,0,
664,1778849044.899,点位12,0.3587,点位7,17.2208,0.0959,False,False,False,False,inf,0,
665,1778849047.899,点位12,0.8716,点位22,7.5753,0.1626,False,False,False,False,inf,0,
666,1778849052.099,点位11,1.3814,点位20,9.2175,0.13,False,False,False,False,inf,0,
667,1778849054.499,点位11,0.6664,点位11,0.7731,0.3392,False,False,False,False,inf,0,
668,1778849057.599,点位11,0.1589,点位11,0.8905,0.3798,False,False,False,False,inf,0,
669,1778849060.499,点位22,0.2814,点位3,22.9313,0.0723,False,False,False,False,inf,0,
670,1778849063.599,点位22,0.3424,点位22,0.4675,0.3127,False,False,False,False,inf,0,
671,1778849066.203,点位22,0.5353,点位22,0.8467,0.2664,False,True,True,False,0.33070939576075603,3,点位22
672,1778849070.799,点位22,0.5841,点位22,0.8846,0.1312,True,False,False,False,inf,0,
673,1778849072.204,点位22,0.7978,点位22,0.8007,0.2506,False,True,True,False,0.04580805606004318,5,点位22
674,1778849075.599,点位22,0.9236,点位22,0.4217,0.2287,True,False,False,False,inf,0,
675,1778849078.0,点位22,0.9734,点位22,0.5369,0.0995,True,False,False,False,inf,0,
676,1778849082.099,点位22,0.8096,点位22,0.0178,0.0021,True,False,False,False,inf,0,
677,1778849084.399,点位22,0.8202,点位22,0.0379,0.0084,True,False,False,False,inf,0,
678,1778849087.204,点位22,0.8348,点位22,0.0336,0.0335,True,False,False,False,inf,0,
679,1778849089.9,点位22,0.8145,点位22,0.7306,0.196,True,False,False,False,inf,0,
680,1778849094.499,点位22,0.8157,点位22,0.0178,0.0021,True,False,False,False,inf,0,
681,1778849096.204,点位22,0.8343,点位22,0.0259,0.0402,True,False,False,False,inf,0,
682,1778849099.7,点位22,0.8167,点位22,0.0094,0.0041,True,False,False,False,inf,0,
683,1778849102.1,点位22,0.5672,点位22,0.253,0.2113,True,False,False,False,inf,0,
684,1778849105.4,点位22,0.6485,点位22,0.5175,0.0963,True,False,False,False,inf,0,
685,1778849108.1,点位22,1.0814,点位22,0.0599,0.0048,True,False,False,False,inf,0,
686,1778849111.3,点位22,1.1479,点位22,0.126,0.0035,True,False,False,False,inf,0,
687,1778849115.7,点位22,1.1388,点位22,0.0237,0.0021,True,False,False,False,inf,0,
688,1778849117.901,点位22,1.1402,点位22,0.9441,0.0521,True,False,False,False,inf,0,
689,1778849120.1,点位22,1.1393,点位22,0.0599,0.0048,True,False,False,False,inf,0,
690,1778849123.8,点位22,1.1838,点位22,0.126,0.0035,True,False,False,False,inf,0,
691,1778849126.5,点位22,1.1606,点位22,0.0237,0.0021,True,False,False,False,inf,0,
692,1778849130.0,点位22,2.043,点位22,0.9441,0.0521,True,False,False,False,inf,0,
693,1778849132.1,点位10,2.251,点位22,4.1923,0.0896,False,False,False,False,inf,0,
694,1778849132.6,点位10,2.2599,点位22,2.4673,0.1109,False,False,False,False,inf,0,
695,1778849135.1,点位23,1.425,点位23,0.3038,0.0282,True,False,False,False,inf,0,
696,1778849137.9,点位23,0.4197,点位23,0.8937,0.0373,True,False,False,False,inf,0,
697,1778849142.5,点位23,1.4346,点位5,14.8777,0.1267,False,True,False,True,12.464647664049268,3,点位6
698,1778849144.5,点位23,2.1262,点位24,0.473,0.092,True,False,False,False,inf,0,
699,1778849146.5,点位24,2.166,点位6,11.525,0.0931,False,True,False,True,11.326633119432367,3,点位6
700,1778849147.101,点位24,2.1759,点位6,11.5345,0.0905,False,False,False,False,inf,0,
701,1778849150.101,点位24,2.1833,点位6,10.944,0.095,False,False,False,False,inf,0,
702,1778849153.001,点位24,2.1642,点位23,0.473,0.092,True,False,False,False,inf,0,
703,1778849155.901,点位24,1.6767,点位22,6.4144,0.1497,False,False,False,False,inf,0,
704,1778849160.205,点位24,1.7882,点位16,21.0348,0.1952,False,False,False,False,inf,0,
705,1778849162.205,点位24,2.129,点位11,11.3333,0.1237,False,False,False,False,inf,0,
706,1778849165.701,点位1,1.4025,点位11,12.1674,0.1126,False,True,False,True,1.4590883927225855,3,点位1
707,1778849168.901,点位1,0.5687,点位1,1.4109,0.1103,False,True,True,False,0.8244444705375856,4,点位1
708,1778849171.501,点位1,0.3939,点位1,0.6931,0.2737,False,True,True,False,0.591439737526149,4,点位1
709,1778849174.601,点位1,0.4982,点位1,0.3147,0.2753,False,True,True,False,0.6399874289390378,5,点位1
710,1778849177.301,点位1,0.4828,点位1,0.8949,0.0708,True,False,False,False,inf,0,
711,1778849180.701,点位1,0.2559,点位1,0.6472,0.0871,True,False,False,False,inf,0,
712,1778849183.901,点位1,0.1167,点位1,0.135,0.0207,True,False,False,False,inf,0,
713,1778849186.601,点位1,0.2325,点位1,0.2583,0.056,True,False,False,False,inf,0,
714,1778849190.502,点位1,0.117,点位1,0.0117,0.0033,True,False,False,False,inf,0,
715,1778849192.501,点位1,0.1059,点位1,0.0036,0.0033,True,False,False,False,inf,0,
716,1778849194.102,点位1,0.1166,点位1,0.0189,0.0022,True,False,False,False,inf,0,
717,1778849195.801,点位1,0.1028,点位1,0.0078,0.0021,True,False,False,False,inf,0,
718,1778849198.502,点位1,0.1061,点位1,0.0079,0.002,True,False,False,False,inf,0,
719,1778849201.902,点位1,0.1228,点位1,0.0164,0.0036,True,False,False,False,inf,0,
720,1778849205.702,点位1,0.1065,点位1,0.0056,0.0016,True,False,False,False,inf,0,
721,1778849207.702,点位1,0.109,点位1,0.0022,0.0008,True,False,False,False,inf,0,
722,1778849209.802,点位1,0.1051,点位1,0.0047,0.0013,True,False,False,False,inf,0,
723,1778849210.902,点位1,0.1161,点位1,0.0127,0.0019,True,False,False,False,inf,0,
724,1778849214.302,点位1,0.0997,点位1,0.0085,0.0008,True,False,False,False,inf,0,
725,1778849216.302,点位1,0.1074,点位1,0.0026,0.0003,True,False,False,False,inf,0,
726,1778849219.402,点位1,0.1065,点位1,0.0078,0.0021,True,False,False,False,inf,0,
727,1778849223.502,点位1,0.1112,点位1,0.01,0.0012,True,False,False,False,inf,0,
728,1778849226.402,点位1,0.1214,点位1,0.0191,0.0021,True,False,False,False,inf,0,
729,1778849228.402,点位1,0.1143,点位1,0.0121,0.0008,True,False,False,False,inf,0,
730,1778849229.207,点位1,0.1018,点位1,0.0228,0.0158,True,False,False,False,inf,0,
731,1778849231.402,点位1,0.1081,点位1,0.0026,0.0003,True,False,False,False,inf,0,
732,1778849234.603,点位1,0.109,点位1,0.0099,0.0021,True,False,False,False,inf,0,
733,1778849237.802,点位1,0.1034,点位1,0.0079,0.002,True,False,False,False,inf,0,
734,1778849241.002,点位1,0.1027,点位1,0.0121,0.0008,True,False,False,False,inf,0,
735,1778849244.703,点位1,0.1045,点位1,0.0071,0.0022,True,False,False,False,inf,0,
736,1778849246.702,点位1,0.1057,点位1,0.0056,0.0016,True,False,False,False,inf,0,
737,1778849249.603,点位1,0.1123,点位1,0.01,0.0012,True,False,False,False,inf,0,
738,1778849253.703,点位1,0.1072,点位1,0.0047,0.0033,True,False,False,False,inf,0,
739,1778849256.703,点位1,0.1158,点位1,0.0167,0.0014,True,False,False,False,inf,0,
740,1778849258.703,点位1,0.1178,点位1,0.0035,0.0013,True,False,False,False,inf,0,
741,1778849262.103,点位1,0.1035,点位1,0.0127,0.0019,True,False,False,False,inf,0,
742,1778849265.503,点位1,0.1067,点位1,0.0071,0.0022,True,False,False,False,inf,0,
