wall_time,stamp,accepted,keyframe_id,sc_distance,gicp_fitness,best_x,best_y,best_z,best_yaw_deg,odom_x,odom_y,odom_z,odom_yaw_deg,error_xy,error_z,error_yaw_deg,cloud_frame_mode,raw_json
1779713687.943433,1779710000.0,False,9,0.00176937,0.00718399,-0.000250173,-0.00594113,0.0286577,0.128494,0.012486,-0.006966,0.003945,-0.039,0.012778,0.024713,0.168,registered,"{""stamp"":1.77971e+09,""mode"":""global_recovery"",""cloud_frame_mode"":""registered"",""odom_gate_enabled"":true,""max_odom_consistency_distance"":0,""candidate_confidence_gate_enabled"":true,""min_sc_distance_gap"":0.03,""global_recovery_consistency_count"":1,""accepted"":false,""gicp_fitness"":0.00718399,""best_pose"":{""x"":-0.000250173,""y"":-0.00594113,""z"":0.0286577,""yaw_deg"":0.128494},""candidates"":[{""keyframe_id"":9,""distance"":0.00176937,""yaw_deg"":0,""x"":0.0145832,""y"":-0.00828157},{""keyframe_id"":2,""distance"":0.00201755,""yaw_deg"":0,""x"":0.0100891,""y"":-0.00900525},{""keyframe_id"":5,""distance"":0.00207641,""yaw_deg"":0,""x"":0.00907222,""y"":-0.00809679},{""keyframe_id"":22,""distance"":0.00212526,""yaw_deg"":0,""x"":0.0151679,""y"":-0.00693854},{""keyframe_id"":21,""distance"":0.00219201,""yaw_deg"":0,""x"":0.0139478,""y"":-0.00825485}]}"
1779713689.914158,1779710000.0,False,20,0.00337598,0.007449,-0.00229969,-0.00517073,0.0338396,0.184221,0.010373,-0.006788,0.001643,0.066,0.012775,0.032197,0.118,registered,"{""stamp"":1.77971e+09,""mode"":""global_recovery"",""cloud_frame_mode"":""registered"",""odom_gate_enabled"":true,""max_odom_consistency_distance"":0,""candidate_confidence_gate_enabled"":true,""min_sc_distance_gap"":0.03,""global_recovery_consistency_count"":2,""accepted"":false,""gicp_fitness"":0.007449,""best_pose"":{""x"":-0.00229969,""y"":-0.00517073,""z"":0.0338396,""yaw_deg"":0.184221},""candidates"":[{""keyframe_id"":20,""distance"":0.00337598,""yaw_deg"":0,""x"":0.0145345,""y"":-0.00833164},{""keyframe_id"":8,""distance"":0.0036467,""yaw_deg"":0,""x"":0.0117691,""y"":-0.00812607},{""keyframe_id"":6,""distance"":0.004713,""yaw_deg"":0,""x"":0.00979593,""y"":-0.00925526},{""keyframe_id"":16,""distance"":0.00595426,""yaw_deg"":0,""x"":0.0106476,""y"":-0.0101129},{""keyframe_id"":12,""distance"":0.00636928,""yaw_deg"":0,""x"":0.0101076,""y"":-0.00973849}]}"
1779713691.983698,1779710000.0,True,2,0.00255973,0.00815034,0.00931282,-0.00652556,0.029865,0.460805,0.042429,-0.006063,-0.145227,0.479,0.033119,0.175092,0.019,registered,"{""stamp"":1.77971e+09,""mode"":""global_recovery"",""cloud_frame_mode"":""registered"",""odom_gate_enabled"":true,""max_odom_consistency_distance"":0,""candidate_confidence_gate_enabled"":true,""min_sc_distance_gap"":0.03,""global_recovery_consistency_count"":0,""accepted"":true,""gicp_fitness"":0.00815034,""best_pose"":{""x"":0.00931282,""y"":-0.00652556,""z"":0.029865,""yaw_deg"":0.460805},""candidates"":[{""keyframe_id"":2,""distance"":0.00255973,""yaw_deg"":0,""x"":0.0100891,""y"":-0.00900525},{""keyframe_id"":5,""distance"":0.00307868,""yaw_deg"":0,""x"":0.00907222,""y"":-0.00809679},{""keyframe_id"":14,""distance"":0.00355152,""yaw_deg"":0,""x"":0.0077336,""y"":-0.0119195},{""keyframe_id"":13,""distance"":0.00355302,""yaw_deg"":0,""x"":0.00890258,""y"":-0.0115173},{""keyframe_id"":18,""distance"":0.00378919,""yaw_deg"":0,""x"":0.0130152,""y"":-0.00972606}]}"
1779713694.023005,1779710000.0,False,25,0.00257782,0.0107756,0.0740421,-0.00674139,-0.181325,0.431835,0.179700,-0.012042,-0.428274,2.115,0.105790,0.246949,1.683,registered,"{""stamp"":1.77971e+09,""mode"":""global_recovery"",""cloud_frame_mode"":""registered"",""odom_gate_enabled"":true,""max_odom_consistency_distance"":0,""candidate_confidence_gate_enabled"":true,""min_sc_distance_gap"":0.03,""global_recovery_consistency_count"":1,""accepted"":false,""gicp_fitness"":0.0107756,""best_pose"":{""x"":0.0740421,""y"":-0.00674139,""z"":-0.181325,""yaw_deg"":0.431835},""candidates"":[{""keyframe_id"":25,""distance"":0.00257782,""yaw_deg"":0,""x"":0.0743368,""y"":-0.00741974},{""keyframe_id"":55,""distance"":0.0222037,""yaw_deg"":0,""x"":0.41815,""y"":-0.0214308},{""keyframe_id"":3,""distance"":0.0298103,""yaw_deg"":0,""x"":0.00973326,""y"":-0.0087495},{""keyframe_id"":15,""distance"":0.0301749,""yaw_deg"":0,""x"":0.0114267,""y"":-0.00975786},{""keyframe_id"":7,""distance"":0.0302351,""yaw_deg"":0,""x"":0.0117029,""y"":-0.00829801}]}"
1779713694.697376,1779710000.0,False,47,0,0,-0.540744,-0.00661233,0.14432,177.843,0.172121,-0.013036,-0.508740,5.679,0.712894,0.653060,172.164,registered,"{""stamp"":1.77971e+09,""mode"":""global_recovery"",""cloud_frame_mode"":""registered"",""odom_gate_enabled"":true,""max_odom_consistency_distance"":0,""candidate_confidence_gate_enabled"":true,""min_sc_distance_gap"":0.03,""global_recovery_consistency_count"":1,""accepted"":false,""gicp_fitness"":0,""best_pose"":{""x"":-0.540744,""y"":-0.00661233,""z"":0.14432,""yaw_deg"":177.843},""candidates"":[{""keyframe_id"":47,""distance"":0,""yaw_deg"":120,""x"":-0.540744,""y"":-0.00661233},{""keyframe_id"":667,""distance"":0,""yaw_deg"":120,""x"":12.0954,""y"":-0.0490519},{""keyframe_id"":49,""distance"":0,""yaw_deg"":128,""x"":-0.314264,""y"":-0.00525821},{""keyframe_id"":55,""distance"":0.015896,""yaw_deg"":148,""x"":0.41815,""y"":-0.0214308},{""keyframe_id"":29,""distance"":0.0177888,""yaw_deg"":0,""x"":0.153706,""y"":-0.00476706}]}"
1779713696.736832,1779710000.0,False,48,0,0,-0.439793,-0.0121921,0.138199,177.523,-0.070403,-0.017883,-0.843774,172.675,0.369433,0.981973,4.848,registered,"{""stamp"":1.77971e+09,""mode"":""global_recovery"",""cloud_frame_mode"":""registered"",""odom_gate_enabled"":true,""max_odom_consistency_distance"":0,""candidate_confidence_gate_enabled"":true,""min_sc_distance_gap"":0.03,""global_recovery_consistency_count"":1,""accepted"":false,""gicp_fitness"":0,""best_pose"":{""x"":-0.439793,""y"":-0.0121921,""z"":0.138199,""yaw_deg"":177.523},""candidates"":[{""keyframe_id"":48,""distance"":0,""yaw_deg"":116,""x"":-0.439793,""y"":-0.0121921},{""keyframe_id"":667,""distance"":0,""yaw_deg"":96,""x"":12.0954,""y"":-0.0490519},{""keyframe_id"":44,""distance"":0,""yaw_deg"":88,""x"":-0.884486,""y"":0.0274471},{""keyframe_id"":570,""distance"":0,""yaw_deg"":88,""x"":14.602,""y"":-0.0537869},{""keyframe_id"":329,""distance"":0,""yaw_deg"":88,""x"":5.85786,""y"":0.0847668}]}"
1779713698.734583,1779710000.0,False,664,9.95398e-06,0,13.9978,-0.04887,-6.42909,-1.15497,-0.455846,0.002545,-0.806408,176.704,14.453737,5.622682,177.859,registered,"{""stamp"":1.77971e+09,""mode"":""global_recovery"",""cloud_frame_mode"":""registered"",""odom_gate_enabled"":true,""max_odom_consistency_distance"":0,""candidate_confidence_gate_enabled"":true,""min_sc_distance_gap"":0.03,""global_recovery_consistency_count"":1,""accepted"":false,""gicp_fitness"":0,""best_pose"":{""x"":13.9978,""y"":-0.04887,""z"":-6.42909,""yaw_deg"":-1.15497},""candidates"":[{""keyframe_id"":664,""distance"":9.95398e-06,""yaw_deg"":148,""x"":13.9978,""y"":-0.04887},{""keyframe_id"":173,""distance"":3.79384e-05,""yaw_deg"":152,""x"":-0.108394,""y"":-0.0738823},{""keyframe_id"":199,""distance"":0.000163496,""yaw_deg"":148,""x"":-1.24912,""y"":-0.024416},{""keyframe_id"":37,""distance"":0.001441,""yaw_deg"":148,""x"":-0.756658,""y"":0.0305821},{""keyframe_id"":33,""distance"":0.0028064,""yaw_deg"":152,""x"":-0.3235,""y"":-0.00954864}]}"
1779713702.252580,1779710000.0,False,72,0.00794162,0.0112775,-0.740694,0.0419405,-0.708409,177.594,-0.835012,0.033652,-0.546586,178.026,0.094682,0.161823,0.432,registered,"{""stamp"":1.77971e+09,""mode"":""global_recovery"",""cloud_frame_mode"":""registered"",""odom_gate_enabled"":true,""max_odom_consistency_distance"":0,""candidate_confidence_gate_enabled"":true,""min_sc_distance_gap"":0.03,""global_recovery_consistency_count"":2,""accepted"":false,""gicp_fitness"":0.0112775,""best_pose"":{""x"":-0.740694,""y"":0.0419405,""z"":-0.708409,""yaw_deg"":177.594},""candidates"":[{""keyframe_id"":72,""distance"":0.00794162,""yaw_deg"":240,""x"":-0.958665,""y"":-0.00309506},{""keyframe_id"":71,""distance"":0.015224,""yaw_deg"":240,""x"":-0.792984,""y"":0.00305737},{""keyframe_id"":44,""distance"":0.0166704,""yaw_deg"":160,""x"":-0.884486,""y"":0.0274471},{""keyframe_id"":36,""distance"":0.0245857,""yaw_deg"":0,""x"":-0.670008,""y"":0.0201061},{""keyframe_id"":37,""distance"":0.0255267,""yaw_deg"":0,""x"":-0.756658,""y"":0.0305821}]}"
1779713702.715068,1779710000.0,False,74,0,0,-1.4676,0.0102381,-0.320735,-3.85988,-0.852118,0.039026,-0.510154,177.567,0.616154,0.189419,178.573,registered,"{""stamp"":1.77971e+09,""mode"":""global_recovery"",""cloud_frame_mode"":""registered"",""odom_gate_enabled"":true,""max_odom_consistency_distance"":0,""candidate_confidence_gate_enabled"":true,""min_sc_distance_gap"":0.03,""global_recovery_consistency_count"":2,""accepted"":false,""gicp_fitness"":0,""best_pose"":{""x"":-1.4676,""y"":0.0102381,""z"":-0.320735,""yaw_deg"":-3.85988},""candidates"":[{""keyframe_id"":74,""distance"":0,""yaw_deg"":144,""x"":-1.4676,""y"":0.0102381},{""keyframe_id"":32,""distance"":0.000918329,""yaw_deg"":140,""x"":-0.20539,""y"":-0.0186848},{""keyframe_id"":327,""distance"":0.0019804,""yaw_deg"":156,""x"":6.12987,""y"":0.109082},{""keyframe_id"":41,""distance"":0.00245732,""yaw_deg"":140,""x"":-0.900427,""y"":0.0297222},{""keyframe_id"":39,""distance"":0.0072475,""yaw_deg"":0,""x"":-0.829275,""y"":0.0315183}]}"
1779713704.734875,1779710000.0,False,707,0,0,0.388354,-0.0501602,0.392725,-2.61332,-0.907418,0.025771,-0.210620,177.836,1.297995,0.603345,179.551,registered,"{""stamp"":1.77971e+09,""mode"":""global_recovery"",""cloud_frame_mode"":""registered"",""odom_gate_enabled"":true,""max_odom_consistency_distance"":0,""candidate_confidence_gate_enabled"":true,""min_sc_distance_gap"":0.03,""global_recovery_consistency_count"":2,""accepted"":false,""gicp_fitness"":0,""best_pose"":{""x"":0.388354,""y"":-0.0501602,""z"":0.392725,""yaw_deg"":-2.61332},""candidates"":[{""keyframe_id"":707,""distance"":0,""yaw_deg"":148,""x"":0.388354,""y"":-0.0501602},{""keyframe_id"":706,""distance"":0,""yaw_deg"":148,""x"":1.36235,""y"":-0.0682602},{""keyframe_id"":74,""distance"":0,""yaw_deg"":148,""x"":-1.4676,""y"":0.0102381},{""keyframe_id"":363,""distance"":0,""yaw_deg"":148,""x"":12.0031,""y"":-0.0665849},{""keyframe_id"":42,""distance"":0.00204108,""yaw_deg"":0,""x"":-0.91774,""y"":0.0257068}]}"
1779713706.735489,1779710000.0,False,709,0,0,-0.291943,-0.0262185,0.416026,-6.3043,-0.783648,0.013772,0.033047,23.021,0.493328,0.382979,29.325,registered,"{""stamp"":1.77971e+09,""mode"":""global_recovery"",""cloud_frame_mode"":""registered"",""odom_gate_enabled"":true,""max_odom_consistency_distance"":0,""candidate_confidence_gate_enabled"":true,""min_sc_distance_gap"":0.03,""global_recovery_consistency_count"":2,""accepted"":false,""gicp_fitness"":0,""best_pose"":{""x"":-0.291943,""y"":-0.0262185,""z"":0.416026,""yaw_deg"":-6.3043},""candidates"":[{""keyframe_id"":709,""distance"":0,""yaw_deg"":148,""x"":-0.291943,""y"":-0.0262185},{""keyframe_id"":707,""distance"":0,""yaw_deg"":148,""x"":0.388354,""y"":-0.0501602},{""keyframe_id"":31,""distance"":0,""yaw_deg"":148,""x"":-0.0522957,""y"":-0.0178208},{""keyframe_id"":708,""distance"":0,""yaw_deg"":148,""x"":-0.184192,""y"":-0.043464},{""keyframe_id"":338,""distance"":0,""yaw_deg"":148,""x"":7.0479,""y"":0.0259613}]}"
1779713708.734075,1779710000.0,False,335,0,0,6.28512,0.0561299,-6.29497,165.479,-0.463140,-0.003015,0.152264,0.480,6.748519,6.447234,164.999,registered,"{""stamp"":1.77971e+09,""mode"":""global_recovery"",""cloud_frame_mode"":""registered"",""odom_gate_enabled"":true,""max_odom_consistency_distance"":0,""candidate_confidence_gate_enabled"":true,""min_sc_distance_gap"":0.03,""global_recovery_consistency_count"":2,""accepted"":false,""gicp_fitness"":0,""best_pose"":{""x"":6.28512,""y"":0.0561299,""z"":-6.29497,""yaw_deg"":165.479},""candidates"":[{""keyframe_id"":335,""distance"":0,""yaw_deg"":148,""x"":6.28512,""y"":0.0561299},{""keyframe_id"":367,""distance"":0,""yaw_deg"":148,""x"":11.5884,""y"":-0.0810282},{""keyframe_id"":31,""distance"":0,""yaw_deg"":148,""x"":-0.0522957,""y"":-0.0178208},{""keyframe_id"":27,""distance"":0,""yaw_deg"":148,""x"":0.182214,""y"":-0.0158857},{""keyframe_id"":66,""distance"":0,""yaw_deg"":148,""x"":0.27679,""y"":-0.0152098}]}"
1779713712.630443,1779710000.0,False,55,0,0.097867,-2.55298,0.109562,-2.39108,178.415,0.076696,-0.002705,-0.021761,-0.005,2.632071,2.369319,178.420,registered,"{""stamp"":1.77971e+09,""mode"":""global_recovery"",""cloud_frame_mode"":""registered"",""odom_gate_enabled"":true,""max_odom_consistency_distance"":0,""candidate_confidence_gate_enabled"":true,""min_sc_distance_gap"":0.03,""global_recovery_consistency_count"":3,""accepted"":false,""gicp_fitness"":0.097867,""best_pose"":{""x"":-2.55298,""y"":0.109562,""z"":-2.39108,""yaw_deg"":178.415},""candidates"":[{""keyframe_id"":55,""distance"":0,""yaw_deg"":140,""x"":0.41815,""y"":-0.0214308},{""keyframe_id"":28,""distance"":0,""yaw_deg"":148,""x"":0.169911,""y"":-0.0144486},{""keyframe_id"":27,""distance"":0,""yaw_deg"":148,""x"":0.182214,""y"":-0.0158857},{""keyframe_id"":26,""distance"":0,""yaw_deg"":148,""x"":0.13771,""y"":-0.0112318},{""keyframe_id"":25,""distance"":1.23978e-05,""yaw_deg"":140,""x"":0.0743368,""y"":-0.00741974}]}"
1779713716.673334,1779710000.0,False,55,0.000378221,0.0866357,-0.984109,0.0605389,-1.50365,177.883,0.306397,-0.019450,-0.996265,165.042,1.292982,0.507385,12.841,registered,"{""stamp"":1.77971e+09,""mode"":""global_recovery"",""cloud_frame_mode"":""registered"",""odom_gate_enabled"":true,""max_odom_consistency_distance"":0,""candidate_confidence_gate_enabled"":true,""min_sc_distance_gap"":0.03,""global_recovery_consistency_count"":3,""accepted"":false,""gicp_fitness"":0.0866357,""best_pose"":{""x"":-0.984109,""y"":0.0605389,""z"":-1.50365,""yaw_deg"":177.883},""candidates"":[{""keyframe_id"":55,""distance"":0.000378221,""yaw_deg"":136,""x"":0.41815,""y"":-0.0214308},{""keyframe_id"":56,""distance"":0.000653505,""yaw_deg"":152,""x"":0.475072,""y"":-0.0275881},{""keyframe_id"":25,""distance"":0.00106961,""yaw_deg"":140,""x"":0.0743368,""y"":-0.00741974},{""keyframe_id"":26,""distance"":0.00198472,""yaw_deg"":136,""x"":0.13771,""y"":-0.0112318},{""keyframe_id"":49,""distance"":0.00830126,""yaw_deg"":148,""x"":-0.314264,""y"":-0.00525821}]}"
1779713718.730409,1779710000.0,False,47,0,0,-0.540744,-0.00661233,0.14432,177.843,0.315680,-0.017144,-0.978224,161.722,0.856489,1.122544,16.121,registered,"{""stamp"":1.77971e+09,""mode"":""global_recovery"",""cloud_frame_mode"":""registered"",""odom_gate_enabled"":true,""max_odom_consistency_distance"":0,""candidate_confidence_gate_enabled"":true,""min_sc_distance_gap"":0.03,""global_recovery_consistency_count"":3,""accepted"":false,""gicp_fitness"":0,""best_pose"":{""x"":-0.540744,""y"":-0.00661233,""z"":0.14432,""yaw_deg"":177.843},""candidates"":[{""keyframe_id"":47,""distance"":0,""yaw_deg"":120,""x"":-0.540744,""y"":-0.00661233},{""keyframe_id"":205,""distance"":0,""yaw_deg"":124,""x"":2.40072,""y"":-0.157182},{""keyframe_id"":59,""distance"":0.0092055,""yaw_deg"":0,""x"":0.32395,""y"":-0.0124814},{""keyframe_id"":62,""distance"":0.014282,""yaw_deg"":0,""x"":0.316294,""y"":-0.0257831},{""keyframe_id"":61,""distance"":0.015037,""yaw_deg"":0,""x"":0.32152,""y"":-0.0193897}]}"
1779713720.741239,1779710000.0,False,667,0,0,12.0954,-0.0490519,-6.1114,-0.960684,0.313619,-0.021729,-0.976071,157.577,11.781813,5.135329,158.538,registered,"{""stamp"":1.77971e+09,""mode"":""global_recovery"",""cloud_frame_mode"":""registered"",""odom_gate_enabled"":true,""max_odom_consistency_distance"":0,""candidate_confidence_gate_enabled"":true,""min_sc_distance_gap"":0.03,""global_recovery_consistency_count"":3,""accepted"":false,""gicp_fitness"":0,""best_pose"":{""x"":12.0954,""y"":-0.0490519,""z"":-6.1114,""yaw_deg"":-0.960684},""candidates"":[{""keyframe_id"":667,""distance"":0,""yaw_deg"":120,""x"":12.0954,""y"":-0.0490519},{""keyframe_id"":47,""distance"":0,""yaw_deg"":120,""x"":-0.540744,""y"":-0.00661233},{""keyframe_id"":205,""distance"":0,""yaw_deg"":124,""x"":2.40072,""y"":-0.157182},{""keyframe_id"":58,""distance"":0.0156889,""yaw_deg"":0,""x"":0.344252,""y"":-0.00904987},{""keyframe_id"":65,""distance"":0.0174619,""yaw_deg"":0,""x"":0.312552,""y"":-0.0188219}]}"
1779713722.718878,1779710000.0,False,34,8.32677e-05,0,-0.455846,0.00254476,-0.806408,-1.2781,-0.163932,-0.008355,-1.024202,174.696,0.292118,0.217794,175.974,registered,"{""stamp"":1.77971e+09,""mode"":""global_recovery"",""cloud_frame_mode"":""registered"",""odom_gate_enabled"":true,""max_odom_consistency_distance"":0,""candidate_confidence_gate_enabled"":true,""min_sc_distance_gap"":0.03,""global_recovery_consistency_count"":3,""accepted"":false,""gicp_fitness"":0,""best_pose"":{""x"":-0.455846,""y"":0.00254476,""z"":-0.806408,""yaw_deg"":-1.2781},""candidates"":[{""keyframe_id"":34,""distance"":8.32677e-05,""yaw_deg"":140,""x"":-0.455846,""y"":0.00254476},{""keyframe_id"":35,""distance"":0.00011009,""yaw_deg"":140,""x"":-0.571535,""y"":0.00723534},{""keyframe_id"":46,""distance"":0.00139195,""yaw_deg"":148,""x"":-0.664906,""y"":0.0029154},{""keyframe_id"":366,""distance"":0.00244051,""yaw_deg"":140,""x"":11.8541,""y"":-0.0951462},{""keyframe_id"":45,""distance"":0.0104073,""yaw_deg"":152,""x"":-0.797244,""y"":0.0180306}]}"
1779713724.727685,1779710000.0,False,666,0,0,12.8098,-0.0430803,-6.14368,-0.14493,-0.785451,-0.001540,-0.967467,138.078,13.595314,5.176213,138.223,registered,"{""stamp"":1.77971e+09,""mode"":""global_recovery"",""cloud_frame_mode"":""registered"",""odom_gate_enabled"":true,""max_odom_consistency_distance"":0,""candidate_confidence_gate_enabled"":true,""min_sc_distance_gap"":0.03,""global_recovery_consistency_count"":3,""accepted"":false,""gicp_fitness"":0,""best_pose"":{""x"":12.8098,""y"":-0.0430803,""z"":-6.14368,""yaw_deg"":-0.14493},""candidates"":[{""keyframe_id"":666,""distance"":0,""yaw_deg"":112,""x"":12.8098,""y"":-0.0430803},{""keyframe_id"":47,""distance"":0,""yaw_deg"":112,""x"":-0.540744,""y"":-0.00661233},{""keyframe_id"":203,""distance"":0,""yaw_deg"":112,""x"":1.21082,""y"":-0.117803},{""keyframe_id"":77,""distance"":0,""yaw_deg"":112,""x"":-2.18487,""y"":0.0459576},{""keyframe_id"":48,""distance"":0,""yaw_deg"":116,""x"":-0.439793,""y"":-0.0121921}]}"
1779713726.726114,1779710000.0,False,78,0,0,-2.83189,0.0496809,-0.496324,0.295009,-1.382942,0.016536,-0.294983,170.128,1.449327,0.201341,169.833,registered,"{""stamp"":1.77971e+09,""mode"":""global_recovery"",""cloud_frame_mode"":""registered"",""odom_gate_enabled"":true,""max_odom_consistency_distance"":0,""candidate_confidence_gate_enabled"":true,""min_sc_distance_gap"":0.03,""global_recovery_consistency_count"":3,""accepted"":false,""gicp_fitness"":0,""best_pose"":{""x"":-2.83189,""y"":0.0496809,""z"":-0.496324,""yaw_deg"":0.295009},""candidates"":[{""keyframe_id"":78,""distance"":0,""yaw_deg"":96,""x"":-2.83189,""y"":0.0496809},{""keyframe_id"":206,""distance"":0,""yaw_deg"":136,""x"":3.06155,""y"":-0.183246},{""keyframe_id"":576,""distance"":0,""yaw_deg"":108,""x"":14.7314,""y"":-0.0709421},{""keyframe_id"":205,""distance"":0,""yaw_deg"":124,""x"":2.40072,""y"":-0.157182},{""keyframe_id"":207,""distance"":0,""yaw_deg"":140,""x"":3.81785,""y"":-0.201224}]}"
1779713728.730742,1779710000.0,False,670,0,0,10.3721,-0.0326715,-6.13089,-0.181999,-2.006159,0.028645,-0.476875,157.198,12.378411,5.654015,157.380,registered,"{""stamp"":1.77971e+09,""mode"":""global_recovery"",""cloud_frame_mode"":""registered"",""odom_gate_enabled"":true,""max_odom_consistency_distance"":0,""candidate_confidence_gate_enabled"":true,""min_sc_distance_gap"":0.03,""global_recovery_consistency_count"":3,""accepted"":false,""gicp_fitness"":0,""best_pose"":{""x"":10.3721,""y"":-0.0326715,""z"":-6.13089,""yaw_deg"":-0.181999},""candidates"":[{""keyframe_id"":670,""distance"":0,""yaw_deg"":132,""x"":10.3721,""y"":-0.0326715},{""keyframe_id"":327,""distance"":0,""yaw_deg"":132,""x"":6.12987,""y"":0.109082},{""keyframe_id"":44,""distance"":0,""yaw_deg"":132,""x"":-0.884486,""y"":0.0274471},{""keyframe_id"":173,""distance"":0,""yaw_deg"":132,""x"":-0.108394,""y"":-0.0738823},{""keyframe_id"":43,""distance"":0,""yaw_deg"":132,""x"":-0.907737,""y"":0.0325108}]}"
1779713730.736405,1779710000.0,False,337,0,0,6.65025,0.0633857,-6.24998,175.213,-3.072381,0.048467,-0.618978,34.986,9.722642,5.631002,140.227,registered,"{""stamp"":1.77971e+09,""mode"":""global_recovery"",""cloud_frame_mode"":""registered"",""odom_gate_enabled"":true,""max_odom_consistency_distance"":0,""candidate_confidence_gate_enabled"":true,""min_sc_distance_gap"":0.03,""global_recovery_consistency_count"":3,""accepted"":false,""gicp_fitness"":0,""best_pose"":{""x"":6.65025,""y"":0.0633857,""z"":-6.24998,""yaw_deg"":175.213},""candidates"":[{""keyframe_id"":337,""distance"":0,""yaw_deg"":148,""x"":6.65025,""y"":0.0633857},{""keyframe_id"":76,""distance"":0,""yaw_deg"":148,""x"":-1.99813,""y"":0.028601},{""keyframe_id"":72,""distance"":0,""yaw_deg"":148,""x"":-0.958665,""y"":-0.00309506},{""keyframe_id"":338,""distance"":0,""yaw_deg"":148,""x"":7.0479,""y"":0.0259613},{""keyframe_id"":706,""distance"":0,""yaw_deg"":148,""x"":1.36235,""y"":-0.0682602}]}"
1779713732.734350,1779710000.0,False,80,0.00695994,0,-3.17928,0.0635907,-0.707486,172.519,-3.306275,0.074437,-0.761578,172.701,0.127458,0.054092,0.182,registered,"{""stamp"":1.77971e+09,""mode"":""global_recovery"",""cloud_frame_mode"":""registered"",""odom_gate_enabled"":true,""max_odom_consistency_distance"":0,""candidate_confidence_gate_enabled"":true,""min_sc_distance_gap"":0.03,""global_recovery_consistency_count"":3,""accepted"":false,""gicp_fitness"":0,""best_pose"":{""x"":-3.17928,""y"":0.0635907,""z"":-0.707486,""yaw_deg"":172.519},""candidates"":[{""keyframe_id"":80,""distance"":0.00695994,""yaw_deg"":0,""x"":-3.17928,""y"":0.0635907},{""keyframe_id"":81,""distance"":0.0112788,""yaw_deg"":0,""x"":-3.24248,""y"":0.0714138},{""keyframe_id"":82,""distance"":0.0167592,""yaw_deg"":0,""x"":-3.42889,""y"":0.0619129},{""keyframe_id"":516,""distance"":0.0300896,""yaw_deg"":112,""x"":18.7201,""y"":-0.0330568},{""keyframe_id"":515,""distance"":0.03018,""yaw_deg"":112,""x"":18.7106,""y"":-0.0321098}]}"
1779713734.729859,1779710000.0,False,337,0,0,6.65025,0.0633857,-6.24998,175.213,-4.268570,0.085956,-0.451449,173.571,10.918843,5.798531,1.642,registered,"{""stamp"":1.77971e+09,""mode"":""global_recovery"",""cloud_frame_mode"":""registered"",""odom_gate_enabled"":true,""max_odom_consistency_distance"":0,""candidate_confidence_gate_enabled"":true,""min_sc_distance_gap"":0.03,""global_recovery_consistency_count"":3,""accepted"":false,""gicp_fitness"":0,""best_pose"":{""x"":6.65025,""y"":0.0633857,""z"":-6.24998,""yaw_deg"":175.213},""candidates"":[{""keyframe_id"":337,""distance"":0,""yaw_deg"":148,""x"":6.65025,""y"":0.0633857},{""keyframe_id"":76,""distance"":0,""yaw_deg"":148,""x"":-1.99813,""y"":0.028601},{""keyframe_id"":338,""distance"":0,""yaw_deg"":148,""x"":7.0479,""y"":0.0259613},{""keyframe_id"":84,""distance"":0.00133928,""yaw_deg"":0,""x"":-4.26857,""y"":0.0859561},{""keyframe_id"":511,""distance"":0.00350541,""yaw_deg"":136,""x"":18.4169,""y"":-0.0276814}]}"
1779713738.520100,1779710000.0,False,529,0.0125551,0.143465,19.8719,-0.1083,-22.031,176.963,-5.216122,0.093277,0.161046,173.542,25.088832,22.192046,3.421,registered,"{""stamp"":1.77971e+09,""mode"":""global_recovery"",""cloud_frame_mode"":""registered"",""odom_gate_enabled"":true,""max_odom_consistency_distance"":0,""candidate_confidence_gate_enabled"":true,""min_sc_distance_gap"":0.03,""global_recovery_consistency_count"":1,""accepted"":false,""gicp_fitness"":0.143465,""best_pose"":{""x"":19.8719,""y"":-0.1083,""z"":-22.031,""yaw_deg"":176.963},""candidates"":[{""keyframe_id"":529,""distance"":0.0125551,""yaw_deg"":108,""x"":18.702,""y"":-0.0243203},{""keyframe_id"":516,""distance"":0.0126671,""yaw_deg"":108,""x"":18.7201,""y"":-0.0330568},{""keyframe_id"":530,""distance"":0.0126687,""yaw_deg"":108,""x"":18.6868,""y"":-0.0342277},{""keyframe_id"":515,""distance"":0.0127029,""yaw_deg"":108,""x"":18.7106,""y"":-0.0321098},{""keyframe_id"":528,""distance"":0.0127141,""yaw_deg"":108,""x"":18.6912,""y"":-0.0309438}]}"
1779713740.436591,1779710000.0,False,513,0.00633454,0.138438,19.5705,-0.0360066,-21.8276,178.612,-5.998454,0.113571,0.460651,176.425,25.569391,22.288251,2.187,registered,"{""stamp"":1.77971e+09,""mode"":""global_recovery"",""cloud_frame_mode"":""registered"",""odom_gate_enabled"":true,""max_odom_consistency_distance"":0,""candidate_confidence_gate_enabled"":true,""min_sc_distance_gap"":0.03,""global_recovery_consistency_count"":2,""accepted"":false,""gicp_fitness"":0.138438,""best_pose"":{""x"":19.5705,""y"":-0.0360066,""z"":-21.8276,""yaw_deg"":178.612},""candidates"":[{""keyframe_id"":513,""distance"":0.00633454,""yaw_deg"":140,""x"":18.6051,""y"":-0.0354174},{""keyframe_id"":516,""distance"":0.00653034,""yaw_deg"":140,""x"":18.7201,""y"":-0.0330568},{""keyframe_id"":515,""distance"":0.0065338,""yaw_deg"":140,""x"":18.7106,""y"":-0.0321098},{""keyframe_id"":528,""distance"":0.0066095,""yaw_deg"":140,""x"":18.6912,""y"":-0.0309438},{""keyframe_id"":530,""distance"":0.00666356,""yaw_deg"":140,""x"":18.6868,""y"":-0.0342277}]}"
1779713742.527535,1779710000.0,False,514,3.54648e-05,0.135809,17.1716,-0.0816953,-21.0128,176.858,-6.558316,0.117782,1.209971,177.582,23.730754,22.222771,0.724,registered,"{""stamp"":1.77971e+09,""mode"":""global_recovery"",""cloud_frame_mode"":""registered"",""odom_gate_enabled"":true,""max_odom_consistency_distance"":0,""candidate_confidence_gate_enabled"":true,""min_sc_distance_gap"":0.03,""global_recovery_consistency_count"":3,""accepted"":false,""gicp_fitness"":0.135809,""best_pose"":{""x"":17.1716,""y"":-0.0816953,""z"":-21.0128,""yaw_deg"":176.858},""candidates"":[{""keyframe_id"":514,""distance"":3.54648e-05,""yaw_deg"":148,""x"":18.6974,""y"":-0.0280646},{""keyframe_id"":525,""distance"":3.8147e-05,""yaw_deg"":148,""x"":18.7034,""y"":-0.0219967},{""keyframe_id"":523,""distance"":4.21405e-05,""yaw_deg"":148,""x"":18.6909,""y"":-0.0278834},{""keyframe_id"":529,""distance"":4.25577e-05,""yaw_deg"":148,""x"":18.702,""y"":-0.0243203},{""keyframe_id"":515,""distance"":4.55379e-05,""yaw_deg"":148,""x"":18.7106,""y"":-0.0321098}]}"
1779713742.705621,1779710000.0,False,480,0.000316282,0,17.9835,-0.0971778,-7.00567,179.453,-6.575890,0.112147,1.261085,177.302,24.560282,8.266755,2.151,registered,"{""stamp"":1.77971e+09,""mode"":""global_recovery"",""cloud_frame_mode"":""registered"",""odom_gate_enabled"":true,""max_odom_consistency_distance"":0,""candidate_confidence_gate_enabled"":true,""min_sc_distance_gap"":0.03,""global_recovery_consistency_count"":3,""accepted"":false,""gicp_fitness"":0,""best_pose"":{""x"":17.9835,""y"":-0.0971778,""z"":-7.00567,""yaw_deg"":179.453},""candidates"":[{""keyframe_id"":480,""distance"":0.000316282,""yaw_deg"":168,""x"":17.9835,""y"":-0.0971778},{""keyframe_id"":696,""distance"":0.00103843,""yaw_deg"":152,""x"":7.47922,""y"":-0.132792},{""keyframe_id"":155,""distance"":0.00233996,""yaw_deg"":148,""x"":-5.91918,""y"":0.0701235},{""keyframe_id"":224,""distance"":0.00341752,""yaw_deg"":176,""x"":6.59788,""y"":-0.192565},{""keyframe_id"":703,""distance"":0.00689668,""yaw_deg"":168,""x"":4.2547,""y"":-0.0788307}]}"
1779713744.738639,1779710000.0,False,99,3.40343e-05,0,-6.09965,0.0806737,2.0602,178.793,-6.361259,0.088325,1.923103,4.279,0.261721,0.137097,174.514,registered,"{""stamp"":1.77971e+09,""mode"":""global_recovery"",""cloud_frame_mode"":""registered"",""odom_gate_enabled"":true,""max_odom_consistency_distance"":0,""candidate_confidence_gate_enabled"":true,""min_sc_distance_gap"":0.03,""global_recovery_consistency_count"":3,""accepted"":false,""gicp_fitness"":0,""best_pose"":{""x"":-6.09965,""y"":0.0806737,""z"":2.0602,""yaw_deg"":178.793},""candidates"":[{""keyframe_id"":99,""distance"":3.40343e-05,""yaw_deg"":140,""x"":-6.09965,""y"":0.0806737},{""keyframe_id"":142,""distance"":7.65622e-05,""yaw_deg"":152,""x"":-10.2557,""y"":0.163719},{""keyframe_id"":150,""distance"":0.000223676,""yaw_deg"":132,""x"":-8.13399,""y"":0.120011},{""keyframe_id"":144,""distance"":0.000338733,""yaw_deg"":148,""x"":-9.10511,""y"":0.131694},{""keyframe_id"":98,""distance"":0.00049904,""yaw_deg"":152,""x"":-6.36126,""y"":0.0883248}]}"
1779713746.730120,1779710000.0,False,704,0.00063175,0,2.75072,-0.0742877,0.121478,-1.98984,-5.531408,0.087074,2.002018,0.058,8.283700,1.880540,2.047,registered,"{""stamp"":1.77971e+09,""mode"":""global_recovery"",""cloud_frame_mode"":""registered"",""odom_gate_enabled"":true,""max_odom_consistency_distance"":0,""candidate_confidence_gate_enabled"":true,""min_sc_distance_gap"":0.03,""global_recovery_consistency_count"":3,""accepted"":false,""gicp_fitness"":0,""best_pose"":{""x"":2.75072,""y"":-0.0742877,""z"":0.121478,""yaw_deg"":-1.98984},""candidates"":[{""keyframe_id"":704,""distance"":0.00063175,""yaw_deg"":140,""x"":2.75072,""y"":-0.0742877},{""keyframe_id"":64,""distance"":0.0017947,""yaw_deg"":124,""x"":0.315056,""y"":-0.0182228},{""keyframe_id"":99,""distance"":0.00373868,""yaw_deg"":112,""x"":-6.09965,""y"":0.0806737},{""keyframe_id"":98,""distance"":0.00480733,""yaw_deg"":92,""x"":-6.36126,""y"":0.0883248},{""keyframe_id"":97,""distance"":0.00626735,""yaw_deg"":72,""x"":-6.56283,""y"":0.125531}]}"
1779713748.733144,1779710000.0,False,103,0.000375926,0,-5.03085,0.0706716,1.39474,-176.821,-5.040032,0.066392,1.280230,1.239,0.010131,0.114510,178.060,registered,"{""stamp"":1.77971e+09,""mode"":""global_recovery"",""cloud_frame_mode"":""registered"",""odom_gate_enabled"":true,""max_odom_consistency_distance"":0,""candidate_confidence_gate_enabled"":true,""min_sc_distance_gap"":0.03,""global_recovery_consistency_count"":3,""accepted"":false,""gicp_fitness"":0,""best_pose"":{""x"":-5.03085,""y"":0.0706716,""z"":1.39474,""yaw_deg"":-176.821},""candidates"":[{""keyframe_id"":103,""distance"":0.000375926,""yaw_deg"":140,""x"":-5.03085,""y"":0.0706716},{""keyframe_id"":104,""distance"":0.00117618,""yaw_deg"":140,""x"":-5.06606,""y"":0.0576149},{""keyframe_id"":659,""distance"":0.00122315,""yaw_deg"":140,""x"":17.134,""y"":-0.1157},{""keyframe_id"":102,""distance"":0.0159783,""yaw_deg"":0,""x"":-5.13658,""y"":0.0905439},{""keyframe_id"":400,""distance"":0.0229725,""yaw_deg"":264,""x"":15.5389,""y"":-0.0979801}]}"
1779713750.730565,1779710000.0,False,339,0,0,7.46123,0.00290389,-6.08533,178.69,-5.231943,0.066444,0.853162,147.361,12.693332,6.938492,31.329,registered,"{""stamp"":1.77971e+09,""mode"":""global_recovery"",""cloud_frame_mode"":""registered"",""odom_gate_enabled"":true,""max_odom_consistency_distance"":0,""candidate_confidence_gate_enabled"":true,""min_sc_distance_gap"":0.03,""global_recovery_consistency_count"":3,""accepted"":false,""gicp_fitness"":0,""best_pose"":{""x"":7.46123,""y"":0.00290389,""z"":-6.08533,""yaw_deg"":178.69},""candidates"":[{""keyframe_id"":339,""distance"":0,""yaw_deg"":148,""x"":7.46123,""y"":0.00290389},{""keyframe_id"":394,""distance"":1.60336e-05,""yaw_deg"":140,""x"":15.5329,""y"":-0.0907829},{""keyframe_id"":107,""distance"":0.00947919,""yaw_deg"":0,""x"":-5.23804,""y"":0.0683328},{""keyframe_id"":113,""distance"":0.011622,""yaw_deg"":0,""x"":-5.24494,""y"":0.0576846},{""keyframe_id"":106,""distance"":0.0127811,""yaw_deg"":0,""x"":-5.18078,""y"":0.0586043}]}"
1779713752.731904,1779710000.0,False,394,8.40425e-06,0,15.5329,-0.0907829,-5.53128,7.91336,-5.241109,0.059154,0.843018,153.898,20.774550,6.374298,145.985,registered,"{""stamp"":1.77971e+09,""mode"":""global_recovery"",""cloud_frame_mode"":""registered"",""odom_gate_enabled"":true,""max_odom_consistency_distance"":0,""candidate_confidence_gate_enabled"":true,""min_sc_distance_gap"":0.03,""global_recovery_consistency_count"":3,""accepted"":false,""gicp_fitness"":0,""best_pose"":{""x"":15.5329,""y"":-0.0907829,""z"":-5.53128,""yaw_deg"":7.91336},""candidates"":[{""keyframe_id"":394,""distance"":8.40425e-06,""yaw_deg"":140,""x"":15.5329,""y"":-0.0907829},{""keyframe_id"":109,""distance"":0.000916737,""yaw_deg"":0,""x"":-5.24376,""y"":0.0634677},{""keyframe_id"":108,""distance"":0.00133393,""yaw_deg"":0,""x"":-5.24232,""y"":0.0632441},{""keyframe_id"":110,""distance"":0.0037112,""yaw_deg"":0,""x"":-5.24482,""y"":0.0662947},{""keyframe_id"":116,""distance"":0.00429957,""yaw_deg"":0,""x"":-5.24436,""y"":0.0615207}]}"
1779713754.724043,1779710000.0,False,394,7.09295e-06,0,15.5329,-0.0907829,-5.53128,7.91336,-5.245092,0.060440,0.838107,157.495,20.778542,6.369387,149.582,registered,"{""stamp"":1.77971e+09,""mode"":""global_recovery"",""cloud_frame_mode"":""registered"",""odom_gate_enabled"":true,""max_odom_consistency_distance"":0,""candidate_confidence_gate_enabled"":true,""min_sc_distance_gap"":0.03,""global_recovery_consistency_count"":3,""accepted"":false,""gicp_fitness"":0,""best_pose"":{""x"":15.5329,""y"":-0.0907829,""z"":-5.53128,""yaw_deg"":7.91336},""candidates"":[{""keyframe_id"":394,""distance"":7.09295e-06,""yaw_deg"":140,""x"":15.5329,""y"":-0.0907829},{""keyframe_id"":109,""distance"":0.00361006,""yaw_deg"":0,""x"":-5.24376,""y"":0.0634677},{""keyframe_id"":112,""distance"":0.00398261,""yaw_deg"":0,""x"":-5.24481,""y"":0.057408},{""keyframe_id"":108,""distance"":0.00433304,""yaw_deg"":0,""x"":-5.24232,""y"":0.0632441},{""keyframe_id"":113,""distance"":0.00482907,""yaw_deg"":0,""x"":-5.24494,""y"":0.0576846}]}"
1779713757.869415,1779710000.0,False,108,0.00448032,0.0101438,-5.24323,0.0827388,0.879132,149.247,-5.240960,0.062250,0.846451,154.322,0.020614,0.032681,5.075,registered,"{""stamp"":1.77971e+09,""mode"":""global_recovery"",""cloud_frame_mode"":""registered"",""odom_gate_enabled"":true,""max_odom_consistency_distance"":0,""candidate_confidence_gate_enabled"":true,""min_sc_distance_gap"":0.03,""global_recovery_consistency_count"":4,""accepted"":false,""gicp_fitness"":0.0101438,""best_pose"":{""x"":-5.24323,""y"":0.0827388,""z"":0.879132,""yaw_deg"":149.247},""candidates"":[{""keyframe_id"":108,""distance"":0.00448032,""yaw_deg"":0,""x"":-5.24232,""y"":0.0632441},{""keyframe_id"":109,""distance"":0.00552625,""yaw_deg"":0,""x"":-5.24376,""y"":0.0634677},{""keyframe_id"":121,""distance"":0.00634306,""yaw_deg"":0,""x"":-5.24163,""y"":0.0573486},{""keyframe_id"":122,""distance"":0.00650171,""yaw_deg"":0,""x"":-5.24066,""y"":0.0575973},{""keyframe_id"":117,""distance"":0.00656925,""yaw_deg"":0,""x"":-5.24217,""y"":0.0593347}]}"
1779713758.742176,1779710000.0,False,394,1.91927e-05,0,15.5329,-0.0907829,-5.53128,7.91336,-5.242468,0.060620,0.853729,149.729,20.775919,6.385009,141.816,registered,"{""stamp"":1.77971e+09,""mode"":""global_recovery"",""cloud_frame_mode"":""registered"",""odom_gate_enabled"":true,""max_odom_consistency_distance"":0,""candidate_confidence_gate_enabled"":true,""min_sc_distance_gap"":0.03,""global_recovery_consistency_count"":4,""accepted"":false,""gicp_fitness"":0,""best_pose"":{""x"":15.5329,""y"":-0.0907829,""z"":-5.53128,""yaw_deg"":7.91336},""candidates"":[{""keyframe_id"":394,""distance"":1.91927e-05,""yaw_deg"":140,""x"":15.5329,""y"":-0.0907829},{""keyframe_id"":108,""distance"":0.00579841,""yaw_deg"":0,""x"":-5.24232,""y"":0.0632441},{""keyframe_id"":109,""distance"":0.00688968,""yaw_deg"":0,""x"":-5.24376,""y"":0.0634677},{""keyframe_id"":110,""distance"":0.00832049,""yaw_deg"":0,""x"":-5.24482,""y"":0.0662947},{""keyframe_id"":116,""distance"":0.00856953,""yaw_deg"":0,""x"":-5.24436,""y"":0.0615207}]}"
1779713760.712626,1779710000.0,False,394,8.34465e-07,0,15.5329,-0.0907829,-5.53128,7.91336,-5.240001,0.065985,0.847635,153.614,20.773493,6.378915,145.701,registered,"{""stamp"":1.77971e+09,""mode"":""global_recovery"",""cloud_frame_mode"":""registered"",""odom_gate_enabled"":true,""max_odom_consistency_distance"":0,""candidate_confidence_gate_enabled"":true,""min_sc_distance_gap"":0.03,""global_recovery_consistency_count"":4,""accepted"":false,""gicp_fitness"":0,""best_pose"":{""x"":15.5329,""y"":-0.0907829,""z"":-5.53128,""yaw_deg"":7.91336},""candidates"":[{""keyframe_id"":394,""distance"":8.34465e-07,""yaw_deg"":140,""x"":15.5329,""y"":-0.0907829},{""keyframe_id"":109,""distance"":0.00308846,""yaw_deg"":0,""x"":-5.24376,""y"":0.0634677},{""keyframe_id"":108,""distance"":0.0035031,""yaw_deg"":0,""x"":-5.24232,""y"":0.0632441},{""keyframe_id"":110,""distance"":0.0060089,""yaw_deg"":0,""x"":-5.24482,""y"":0.0662947},{""keyframe_id"":116,""distance"":0.00667853,""yaw_deg"":0,""x"":-5.24436,""y"":0.0615207}]}"
1779713764.310376,1779710000.0,False,528,0.000131369,0.128455,18.4269,0.000262797,-22.6914,176.054,-7.158471,0.146406,0.379595,136.646,25.585788,23.070995,39.408,registered,"{""stamp"":1.77971e+09,""mode"":""global_recovery"",""cloud_frame_mode"":""registered"",""odom_gate_enabled"":true,""max_odom_consistency_distance"":0,""candidate_confidence_gate_enabled"":true,""min_sc_distance_gap"":0.03,""global_recovery_consistency_count"":2,""accepted"":false,""gicp_fitness"":0.128455,""best_pose"":{""x"":18.4269,""y"":0.000262797,""z"":-22.6914,""yaw_deg"":176.054},""candidates"":[{""keyframe_id"":528,""distance"":0.000131369,""yaw_deg"":140,""x"":18.6912,""y"":-0.0309438},{""keyframe_id"":526,""distance"":0.00014174,""yaw_deg"":140,""x"":18.6935,""y"":-0.0365916},{""keyframe_id"":530,""distance"":0.000143468,""yaw_deg"":140,""x"":18.6868,""y"":-0.0342277},{""keyframe_id"":527,""distance"":0.000148475,""yaw_deg"":140,""x"":18.6879,""y"":-0.0305625},{""keyframe_id"":533,""distance"":0.000166953,""yaw_deg"":140,""x"":18.7136,""y"":-0.0345838}]}"
1779713764.702465,1779710000.0,False,339,0,0,7.46123,0.00290389,-6.08533,178.69,-7.396350,0.138687,0.303765,30.365,14.858201,6.389095,148.325,registered,"{""stamp"":1.77971e+09,""mode"":""global_recovery"",""cloud_frame_mode"":""registered"",""odom_gate_enabled"":true,""max_odom_consistency_distance"":0,""candidate_confidence_gate_enabled"":true,""min_sc_distance_gap"":0.03,""global_recovery_consistency_count"":2,""accepted"":false,""gicp_fitness"":0,""best_pose"":{""x"":7.46123,""y"":0.00290389,""z"":-6.08533,""yaw_deg"":178.69},""candidates"":[{""keyframe_id"":339,""distance"":0,""yaw_deg"":148,""x"":7.46123,""y"":0.00290389},{""keyframe_id"":554,""distance"":0,""yaw_deg"":148,""x"":14.4591,""y"":0.0137938},{""keyframe_id"":340,""distance"":0,""yaw_deg"":148,""x"":8.10211,""y"":-0.00243837},{""keyframe_id"":126,""distance"":0.00568654,""yaw_deg"":0,""x"":-7.39635,""y"":0.138687},{""keyframe_id"":125,""distance"":0.00726008,""yaw_deg"":0,""x"":-6.87524,""y"":0.134888}]}"
1779713766.728001,1779710000.0,False,340,0,0,8.10211,-0.00243837,-6.07489,178.614,-8.936209,0.233033,0.080709,20.458,17.039946,6.155599,158.156,registered,"{""stamp"":1.77971e+09,""mode"":""global_recovery"",""cloud_frame_mode"":""registered"",""odom_gate_enabled"":true,""max_odom_consistency_distance"":0,""candidate_confidence_gate_enabled"":true,""min_sc_distance_gap"":0.03,""global_recovery_consistency_count"":2,""accepted"":false,""gicp_fitness"":0,""best_pose"":{""x"":8.10211,""y"":-0.00243837,""z"":-6.07489,""yaw_deg"":178.614},""candidates"":[{""keyframe_id"":340,""distance"":0,""yaw_deg"":152,""x"":8.10211,""y"":-0.00243837},{""keyframe_id"":343,""distance"":0,""yaw_deg"":152,""x"":9.79422,""y"":-0.0146253},{""keyframe_id"":675,""distance"":0,""yaw_deg"":152,""x"":9.76415,""y"":-0.0284569},{""keyframe_id"":554,""distance"":0,""yaw_deg"":152,""x"":14.4591,""y"":0.0137938},{""keyframe_id"":352,""distance"":0,""yaw_deg"":152,""x"":10.5429,""y"":-0.0202051}]}"
1779713768.716853,1779710000.0,False,675,0,0,9.76415,-0.0284569,-6.33034,179.365,-9.687864,0.280024,0.195906,169.791,19.454460,6.526246,9.574,registered,"{""stamp"":1.77971e+09,""mode"":""global_recovery"",""cloud_frame_mode"":""registered"",""odom_gate_enabled"":true,""max_odom_consistency_distance"":0,""candidate_confidence_gate_enabled"":true,""min_sc_distance_gap"":0.03,""global_recovery_consistency_count"":2,""accepted"":false,""gicp_fitness"":0,""best_pose"":{""x"":9.76415,""y"":-0.0284569,""z"":-6.33034,""yaw_deg"":179.365},""candidates"":[{""keyframe_id"":675,""distance"":0,""yaw_deg"":148,""x"":9.76415,""y"":-0.0284569},{""keyframe_id"":343,""distance"":0,""yaw_deg"":148,""x"":9.79422,""y"":-0.0146253},{""keyframe_id"":554,""distance"":0,""yaw_deg"":148,""x"":14.4591,""y"":0.0137938},{""keyframe_id"":553,""distance"":0.0035567,""yaw_deg"":136,""x"":14.6738,""y"":0.0264445},{""keyframe_id"":431,""distance"":0.00391701,""yaw_deg"":136,""x"":18.4449,""y"":-0.116095}]}"
1779713770.716356,1779710000.0,False,554,0,0,14.4591,0.0137938,-22.6784,179.792,-10.595701,0.304577,0.481479,174.482,25.056488,23.159879,5.310,registered,"{""stamp"":1.77971e+09,""mode"":""global_recovery"",""cloud_frame_mode"":""registered"",""odom_gate_enabled"":true,""max_odom_consistency_distance"":0,""candidate_confidence_gate_enabled"":true,""min_sc_distance_gap"":0.03,""global_recovery_consistency_count"":2,""accepted"":false,""gicp_fitness"":0,""best_pose"":{""x"":14.4591,""y"":0.0137938,""z"":-22.6784,""yaw_deg"":179.792},""candidates"":[{""keyframe_id"":554,""distance"":0,""yaw_deg"":148,""x"":14.4591,""y"":0.0137938},{""keyframe_id"":339,""distance"":0,""yaw_deg"":148,""x"":7.46123,""y"":0.00290389},{""keyframe_id"":340,""distance"":0,""yaw_deg"":148,""x"":8.10211,""y"":-0.00243837},{""keyframe_id"":134,""distance"":0.024657,""yaw_deg"":0,""x"":-10.5549,""y"":0.305091},{""keyframe_id"":672,""distance"":0.0309842,""yaw_deg"":276,""x"":10.1033,""y"":-0.0462284}]}"
1779713774.011508,1779710000.0,False,137,0.0157174,0.0110498,-11.072,0.239891,1.17167,177.146,-11.000763,0.210804,2.056268,177.202,0.076947,0.884598,0.056,registered,"{""stamp"":1.77971e+09,""mode"":""global_recovery"",""cloud_frame_mode"":""registered"",""odom_gate_enabled"":true,""max_odom_consistency_distance"":0,""candidate_confidence_gate_enabled"":true,""min_sc_distance_gap"":0.03,""global_recovery_consistency_count"":3,""accepted"":false,""gicp_fitness"":0.0110498,""best_pose"":{""x"":-11.072,""y"":0.239891,""z"":1.17167,""yaw_deg"":177.146},""candidates"":[{""keyframe_id"":137,""distance"":0.0157174,""yaw_deg"":0,""x"":-11.0807,""y"":0.235567},{""keyframe_id"":138,""distance"":0.0291804,""yaw_deg"":0,""x"":-11.1029,""y"":0.21713},{""keyframe_id"":139,""distance"":0.0439536,""yaw_deg"":0,""x"":-10.9917,""y"":0.2136},{""keyframe_id"":140,""distance"":0.0665265,""yaw_deg"":4,""x"":-10.7856,""y"":0.212935},{""keyframe_id"":225,""distance"":0.0759882,""yaw_deg"":264,""x"":6.36269,""y"":-0.197053}]}"
1779713774.708202,1779710000.0,False,223,2.5034e-06,0,6.86449,-0.202663,1.09538,-1.64239,-10.799610,0.211669,2.451042,176.419,17.668958,1.355662,178.061,registered,"{""stamp"":1.77971e+09,""mode"":""global_recovery"",""cloud_frame_mode"":""registered"",""odom_gate_enabled"":true,""max_odom_consistency_distance"":0,""candidate_confidence_gate_enabled"":true,""min_sc_distance_gap"":0.03,""global_recovery_consistency_count"":3,""accepted"":false,""gicp_fitness"":0,""best_pose"":{""x"":6.86449,""y"":-0.202663,""z"":1.09538,""yaw_deg"":-1.64239},""candidates"":[{""keyframe_id"":223,""distance"":2.5034e-06,""yaw_deg"":140,""x"":6.86449,""y"":-0.202663},{""keyframe_id"":98,""distance"":1.27554e-05,""yaw_deg"":140,""x"":-6.36126,""y"":0.0883248},{""keyframe_id"":140,""distance"":3.78489e-05,""yaw_deg"":148,""x"":-10.7856,""y"":0.212935},{""keyframe_id"":142,""distance"":6.25253e-05,""yaw_deg"":152,""x"":-10.2557,""y"":0.163719},{""keyframe_id"":99,""distance"":6.25849e-05,""yaw_deg"":148,""x"":-6.09965,""y"":0.0806737}]}"
1779713776.739033,1779710000.0,False,145,0.0013625,0,-8.5356,0.134198,3.57928,179.38,-10.041814,0.164797,3.048993,2.930,1.506525,0.530287,176.450,registered,"{""stamp"":1.77971e+09,""mode"":""global_recovery"",""cloud_frame_mode"":""registered"",""odom_gate_enabled"":true,""max_odom_consistency_distance"":0,""candidate_confidence_gate_enabled"":true,""min_sc_distance_gap"":0.03,""global_recovery_consistency_count"":3,""accepted"":false,""gicp_fitness"":0,""best_pose"":{""x"":-8.5356,""y"":0.134198,""z"":3.57928,""yaw_deg"":179.38},""candidates"":[{""keyframe_id"":145,""distance"":0.0013625,""yaw_deg"":152,""x"":-8.5356,""y"":0.134198},{""keyframe_id"":98,""distance"":0.00301576,""yaw_deg"":168,""x"":-6.36126,""y"":0.0883248},{""keyframe_id"":99,""distance"":0.00384902,""yaw_deg"":176,""x"":-6.09965,""y"":0.0806737},{""keyframe_id"":144,""distance"":0.00427641,""yaw_deg"":172,""x"":-9.10511,""y"":0.131694},{""keyframe_id"":619,""distance"":0.00439531,""yaw_deg"":140,""x"":17.4895,""y"":-0.104714}]}"
1779713778.702965,1779710000.0,False,145,2.5034e-06,0,-8.5356,0.134198,3.57928,178.591,-8.485555,0.138797,3.606618,10.240,0.050256,0.027338,168.351,registered,"{""stamp"":1.77971e+09,""mode"":""global_recovery"",""cloud_frame_mode"":""registered"",""odom_gate_enabled"":true,""max_odom_consistency_distance"":0,""candidate_confidence_gate_enabled"":true,""min_sc_distance_gap"":0.03,""global_recovery_consistency_count"":3,""accepted"":false,""gicp_fitness"":0,""best_pose"":{""x"":-8.5356,""y"":0.134198,""z"":3.57928,""yaw_deg"":178.591},""candidates"":[{""keyframe_id"":145,""distance"":2.5034e-06,""yaw_deg"":140,""x"":-8.5356,""y"":0.134198},{""keyframe_id"":144,""distance"":3.02196e-05,""yaw_deg"":140,""x"":-9.10511,""y"":0.131694},{""keyframe_id"":149,""distance"":0.000100851,""yaw_deg"":140,""x"":-8.16897,""y"":0.116573},{""keyframe_id"":151,""distance"":0.00013721,""yaw_deg"":140,""x"":-8.15837,""y"":0.120489},{""keyframe_id"":97,""distance"":0.000199497,""yaw_deg"":140,""x"":-6.56283,""y"":0.125531}]}"
1779713780.722453,1779710000.0,False,436,0.000371595,0,17.8154,-0.113826,-5.04547,-4.13981,-8.211220,0.116957,3.628493,0.925,26.027643,8.673963,5.065,registered,"{""stamp"":1.77971e+09,""mode"":""global_recovery"",""cloud_frame_mode"":""registered"",""odom_gate_enabled"":true,""max_odom_consistency_distance"":0,""candidate_confidence_gate_enabled"":true,""min_sc_distance_gap"":0.03,""global_recovery_consistency_count"":3,""accepted"":false,""gicp_fitness"":0,""best_pose"":{""x"":17.8154,""y"":-0.113826,""z"":-5.04547,""yaw_deg"":-4.13981},""candidates"":[{""keyframe_id"":436,""distance"":0.000371595,""yaw_deg"":156,""x"":17.8154,""y"":-0.113826},{""keyframe_id"":96,""distance"":0.00898993,""yaw_deg"":128,""x"":-6.60619,""y"":0.130059},{""keyframe_id"":149,""distance"":0.0142822,""yaw_deg"":0,""x"":-8.16897,""y"":0.116573},{""keyframe_id"":151,""distance"":0.0186557,""yaw_deg"":0,""x"":-8.15837,""y"":0.120489},{""keyframe_id"":147,""distance"":0.025028,""yaw_deg"":0,""x"":-8.20916,""y"":0.113653}]}"
1779713782.712520,1779710000.0,False,99,2.70009e-05,0,-6.09965,0.0806737,2.0602,178.925,-8.155026,0.118093,3.653282,0.864,2.055717,1.593082,178.061,registered,"{""stamp"":1.77971e+09,""mode"":""global_recovery"",""cloud_frame_mode"":""registered"",""odom_gate_enabled"":true,""max_odom_consistency_distance"":0,""candidate_confidence_gate_enabled"":true,""min_sc_distance_gap"":0.03,""global_recovery_consistency_count"":3,""accepted"":false,""gicp_fitness"":0,""best_pose"":{""x"":-6.09965,""y"":0.0806737,""z"":2.0602,""yaw_deg"":178.925},""candidates"":[{""keyframe_id"":99,""distance"":2.70009e-05,""yaw_deg"":148,""x"":-6.09965,""y"":0.0806737},{""keyframe_id"":144,""distance"":0.000540674,""yaw_deg"":148,""x"":-9.10511,""y"":0.131694},{""keyframe_id"":96,""distance"":0.00175202,""yaw_deg"":156,""x"":-6.60619,""y"":0.130059},{""keyframe_id"":145,""distance"":0.00374135,""yaw_deg"":152,""x"":-8.5356,""y"":0.134198},{""keyframe_id"":224,""distance"":0.00776672,""yaw_deg"":140,""x"":6.59788,""y"":-0.192565}]}"
1779713784.721426,1779710000.0,False,336,0,0,6.45536,0.0639639,-6.3546,176.559,-6.946222,0.097699,3.577426,-0.721,13.401624,9.932026,177.280,registered,"{""stamp"":1.77971e+09,""mode"":""global_recovery"",""cloud_frame_mode"":""registered"",""odom_gate_enabled"":true,""max_odom_consistency_distance"":0,""candidate_confidence_gate_enabled"":true,""min_sc_distance_gap"":0.03,""global_recovery_consistency_count"":3,""accepted"":false,""gicp_fitness"":0,""best_pose"":{""x"":6.45536,""y"":0.0639639,""z"":-6.3546,""yaw_deg"":176.559},""candidates"":[{""keyframe_id"":336,""distance"":0,""yaw_deg"":148,""x"":6.45536,""y"":0.0639639},{""keyframe_id"":280,""distance"":6.87838e-05,""yaw_deg"":140,""x"":8.81882,""y"":-0.146394},{""keyframe_id"":224,""distance"":0.000268877,""yaw_deg"":140,""x"":6.59788,""y"":-0.192565},{""keyframe_id"":278,""distance"":0.000785708,""yaw_deg"":140,""x"":9.11949,""y"":-0.142819},{""keyframe_id"":277,""distance"":0.00220817,""yaw_deg"":140,""x"":9.23942,""y"":-0.141079}]}"
1779713786.713000,1779710000.0,False,367,0,0,11.5884,-0.0810282,-5.268,-1.93803,-5.343204,0.063168,3.536370,1.799,16.932218,8.804370,3.737,registered,"{""stamp"":1.77971e+09,""mode"":""global_recovery"",""cloud_frame_mode"":""registered"",""odom_gate_enabled"":true,""max_odom_consistency_distance"":0,""candidate_confidence_gate_enabled"":true,""min_sc_distance_gap"":0.03,""global_recovery_consistency_count"":3,""accepted"":false,""gicp_fitness"":0,""best_pose"":{""x"":11.5884,""y"":-0.0810282,""z"":-5.268,""yaw_deg"":-1.93803},""candidates"":[{""keyframe_id"":367,""distance"":0,""yaw_deg"":148,""x"":11.5884,""y"":-0.0810282},{""keyframe_id"":59,""distance"":0,""yaw_deg"":148,""x"":0.32395,""y"":-0.0124814},{""keyframe_id"":62,""distance"":0,""yaw_deg"":148,""x"":0.316294,""y"":-0.0257831},{""keyframe_id"":65,""distance"":0,""yaw_deg"":148,""x"":0.312552,""y"":-0.0188219},{""keyframe_id"":63,""distance"":0,""yaw_deg"":148,""x"":0.313285,""y"":-0.0213668}]}"
1779713788.706315,1779710000.0,False,65,0,0,0.312552,-0.0188219,-0.980374,-2.88308,-3.938403,0.045462,3.803635,10.242,4.251441,4.784009,13.125,registered,"{""stamp"":1.77971e+09,""mode"":""global_recovery"",""cloud_frame_mode"":""registered"",""odom_gate_enabled"":true,""max_odom_consistency_distance"":0,""candidate_confidence_gate_enabled"":true,""min_sc_distance_gap"":0.03,""global_recovery_consistency_count"":3,""accepted"":false,""gicp_fitness"":0,""best_pose"":{""x"":0.312552,""y"":-0.0188219,""z"":-0.980374,""yaw_deg"":-2.88308},""candidates"":[{""keyframe_id"":65,""distance"":0,""yaw_deg"":148,""x"":0.312552,""y"":-0.0188219},{""keyframe_id"":62,""distance"":0,""yaw_deg"":148,""x"":0.316294,""y"":-0.0257831},{""keyframe_id"":164,""distance"":0,""yaw_deg"":148,""x"":-1.82734,""y"":-0.00339668},{""keyframe_id"":68,""distance"":0.0125144,""yaw_deg"":200,""x"":-0.426324,""y"":0.0053344},{""keyframe_id"":158,""distance"":0.0151854,""yaw_deg"":0,""x"":-4.07166,""y"":0.047306}]}"
1779713790.715635,1779710000.0,False,162,0,0,-2.60771,0.0178914,4.06796,175.915,-2.583606,0.024227,4.048884,177.782,0.024922,0.019076,1.867,registered,"{""stamp"":1.77971e+09,""mode"":""global_recovery"",""cloud_frame_mode"":""registered"",""odom_gate_enabled"":true,""max_odom_consistency_distance"":0,""candidate_confidence_gate_enabled"":true,""min_sc_distance_gap"":0.03,""global_recovery_consistency_count"":3,""accepted"":false,""gicp_fitness"":0,""best_pose"":{""x"":-2.60771,""y"":0.0178914,""z"":4.06796,""yaw_deg"":175.915},""candidates"":[{""keyframe_id"":162,""distance"":0,""yaw_deg"":148,""x"":-2.60771,""y"":0.0178914},{""keyframe_id"":174,""distance"":0,""yaw_deg"":144,""x"":-0.234267,""y"":-0.0778964},{""keyframe_id"":164,""distance"":0,""yaw_deg"":148,""x"":-1.82734,""y"":-0.00339668},{""keyframe_id"":664,""distance"":8.06451e-05,""yaw_deg"":140,""x"":13.9978,""y"":-0.04887},{""keyframe_id"":161,""distance"":0.0144303,""yaw_deg"":0,""x"":-2.70773,""y"":0.0277854}]}"
1779713792.721155,1779710000.0,False,200,0,0,-0.885788,-0.0438924,4.55632,177.762,-1.746818,-0.005822,4.178092,2.651,0.861872,0.378228,175.111,registered,"{""stamp"":1.77971e+09,""mode"":""global_recovery"",""cloud_frame_mode"":""registered"",""odom_gate_enabled"":true,""max_odom_consistency_distance"":0,""candidate_confidence_gate_enabled"":true,""min_sc_distance_gap"":0.03,""global_recovery_consistency_count"":3,""accepted"":false,""gicp_fitness"":0,""best_pose"":{""x"":-0.885788,""y"":-0.0438924,""z"":4.55632,""yaw_deg"":177.762},""candidates"":[{""keyframe_id"":200,""distance"":0,""yaw_deg"":140,""x"":-0.885788,""y"":-0.0438924},{""keyframe_id"":188,""distance"":0,""yaw_deg"":140,""x"":-1.27129,""y"":-0.0179483},{""keyframe_id"":175,""distance"":0,""yaw_deg"":140,""x"":-0.432708,""y"":-0.0595913},{""keyframe_id"":160,""distance"":0,""yaw_deg"":140,""x"":-3.23971,""y"":0.040993},{""keyframe_id"":162,""distance"":0,""yaw_deg"":140,""x"":-2.60771,""y"":0.0178914}]}"
1779713794.722106,1779710000.0,False,176,0,0,-0.720692,-0.056602,2.91568,-2.43423,-0.652809,-0.081514,4.211666,-2.540,0.072310,1.295986,0.106,registered,"{""stamp"":1.77971e+09,""mode"":""global_recovery"",""cloud_frame_mode"":""registered"",""odom_gate_enabled"":true,""max_odom_consistency_distance"":0,""candidate_confidence_gate_enabled"":true,""min_sc_distance_gap"":0.03,""global_recovery_consistency_count"":3,""accepted"":false,""gicp_fitness"":0,""best_pose"":{""x"":-0.720692,""y"":-0.056602,""z"":2.91568,""yaw_deg"":-2.43423},""candidates"":[{""keyframe_id"":176,""distance"":0,""yaw_deg"":144,""x"":-0.720692,""y"":-0.056602},{""keyframe_id"":164,""distance"":0,""yaw_deg"":148,""x"":-1.82734,""y"":-0.00339668},{""keyframe_id"":251,""distance"":4.05312e-06,""yaw_deg"":140,""x"":7.29534,""y"":-0.265725},{""keyframe_id"":169,""distance"":7.689e-06,""yaw_deg"":140,""x"":-0.293296,""y"":-0.10735},{""keyframe_id"":425,""distance"":0.000136495,""yaw_deg"":140,""x"":17.57,""y"":-0.105846}]}"
1779713796.730505,1779710000.0,False,100,0.0251821,0,-5.84746,0.0851246,2.10929,178.839,-0.131345,-0.111338,3.833605,-0.725,5.719490,1.724315,179.564,registered,"{""stamp"":1.77971e+09,""mode"":""global_recovery"",""cloud_frame_mode"":""registered"",""odom_gate_enabled"":true,""max_odom_consistency_distance"":0,""candidate_confidence_gate_enabled"":true,""min_sc_distance_gap"":0.03,""global_recovery_consistency_count"":3,""accepted"":false,""gicp_fitness"":0,""best_pose"":{""x"":-5.84746,""y"":0.0851246,""z"":2.10929,""yaw_deg"":178.839},""candidates"":[{""keyframe_id"":100,""distance"":0.0251821,""yaw_deg"":148,""x"":-5.84746,""y"":0.0851246},{""keyframe_id"":170,""distance"":0.0444233,""yaw_deg"":0,""x"":-0.131345,""y"":-0.111338},{""keyframe_id"":60,""distance"":0.0547372,""yaw_deg"":256,""x"":0.320639,""y"":-0.0182657},{""keyframe_id"":63,""distance"":0.0565365,""yaw_deg"":248,""x"":0.313285,""y"":-0.0213668},{""keyframe_id"":66,""distance"":0.0587295,""yaw_deg"":256,""x"":0.27679,""y"":-0.0152098}]}"
1779713798.700202,1779710000.0,False,174,0,0,-0.234267,-0.0778964,3.14477,-5.77061,-0.071597,-0.083283,3.312066,0.927,0.162759,0.167296,6.698,registered,"{""stamp"":1.77971e+09,""mode"":""global_recovery"",""cloud_frame_mode"":""registered"",""odom_gate_enabled"":true,""max_odom_consistency_distance"":0,""candidate_confidence_gate_enabled"":true,""min_sc_distance_gap"":0.03,""global_recovery_consistency_count"":3,""accepted"":false,""gicp_fitness"":0,""best_pose"":{""x"":-0.234267,""y"":-0.0778964,""z"":3.14477,""yaw_deg"":-5.77061},""candidates"":[{""keyframe_id"":174,""distance"":0,""yaw_deg"":144,""x"":-0.234267,""y"":-0.0778964},{""keyframe_id"":74,""distance"":0,""yaw_deg"":144,""x"":-1.4676,""y"":0.0102381},{""keyframe_id"":707,""distance"":0,""yaw_deg"":148,""x"":0.388354,""y"":-0.0501602},{""keyframe_id"":73,""distance"":0,""yaw_deg"":148,""x"":-1.34917,""y"":0.0117307},{""keyframe_id"":34,""distance"":0.000182986,""yaw_deg"":132,""x"":-0.455846,""y"":0.00254476}]}"
1779713800.765408,1779710000.0,False,176,0,0,-0.720692,-0.056602,2.91568,-2.43423,-0.651820,-0.063166,2.902389,174.624,0.069184,0.013291,177.059,registered,"{""stamp"":1.77971e+09,""mode"":""global_recovery"",""cloud_frame_mode"":""registered"",""odom_gate_enabled"":true,""max_odom_consistency_distance"":0,""candidate_confidence_gate_enabled"":true,""min_sc_distance_gap"":0.03,""global_recovery_consistency_count"":3,""accepted"":false,""gicp_fitness"":0,""best_pose"":{""x"":-0.720692,""y"":-0.056602,""z"":2.91568,""yaw_deg"":-2.43423},""candidates"":[{""keyframe_id"":176,""distance"":0,""yaw_deg"":144,""x"":-0.720692,""y"":-0.056602},{""keyframe_id"":680,""distance"":0,""yaw_deg"":148,""x"":10.0062,""y"":-0.00760254},{""keyframe_id"":164,""distance"":0,""yaw_deg"":148,""x"":-1.82734,""y"":-0.00339668},{""keyframe_id"":72,""distance"":0,""yaw_deg"":148,""x"":-0.958665,""y"":-0.00309506},{""keyframe_id"":73,""distance"":0,""yaw_deg"":148,""x"":-1.34917,""y"":0.0117307}]}"
1779713802.707955,1779710000.0,False,178,0.00115018,0,-1.29852,-0.0344436,3.21246,177.349,-1.350672,-0.039228,3.255139,177.193,0.052371,0.042679,0.156,registered,"{""stamp"":1.77971e+09,""mode"":""global_recovery"",""cloud_frame_mode"":""registered"",""odom_gate_enabled"":true,""max_odom_consistency_distance"":0,""candidate_confidence_gate_enabled"":true,""min_sc_distance_gap"":0.03,""global_recovery_consistency_count"":3,""accepted"":false,""gicp_fitness"":0,""best_pose"":{""x"":-1.29852,""y"":-0.0344436,""z"":3.21246,""yaw_deg"":177.349},""candidates"":[{""keyframe_id"":178,""distance"":0.00115018,""yaw_deg"":0,""x"":-1.29852,""y"":-0.0344436},{""keyframe_id"":551,""distance"":0.0164967,""yaw_deg"":36,""x"":14.9433,""y"":0.0043177},{""keyframe_id"":426,""distance"":0.0190247,""yaw_deg"":64,""x"":17.8773,""y"":-0.0976168},{""keyframe_id"":301,""distance"":0.0660338,""yaw_deg"":0,""x"":8.46118,""y"":-0.0736132},{""keyframe_id"":102,""distance"":0.0698889,""yaw_deg"":0,""x"":-5.13658,""y"":0.0905439}]}"
1779713804.710557,1779710000.0,False,707,4.72746e-05,0,0.388354,-0.0501602,0.392725,-176.725,-1.696827,0.018292,3.947071,177.095,2.086304,3.554346,6.180,registered,"{""stamp"":1.77971e+09,""mode"":""global_recovery"",""cloud_frame_mode"":""registered"",""odom_gate_enabled"":true,""max_odom_consistency_distance"":0,""candidate_confidence_gate_enabled"":true,""min_sc_distance_gap"":0.03,""global_recovery_consistency_count"":3,""accepted"":false,""gicp_fitness"":0,""best_pose"":{""x"":0.388354,""y"":-0.0501602,""z"":0.392725,""yaw_deg"":-176.725},""candidates"":[{""keyframe_id"":707,""distance"":4.72746e-05,""yaw_deg"":232,""x"":0.388354,""y"":-0.0501602},{""keyframe_id"":162,""distance"":5.98828e-05,""yaw_deg"":156,""x"":-2.60771,""y"":0.0178914},{""keyframe_id"":174,""distance"":0.000202924,""yaw_deg"":148,""x"":-0.234267,""y"":-0.0778964},{""keyframe_id"":706,""distance"":0.000331132,""yaw_deg"":228,""x"":1.36235,""y"":-0.0682602},{""keyframe_id"":580,""distance"":0.00352827,""yaw_deg"":136,""x"":14.5597,""y"":-0.0758166}]}"
1779713806.720385,1779710000.0,False,174,0,0,-0.234267,-0.0778964,3.14477,-5.77061,-1.295470,-0.014780,4.548882,-178.293,1.063078,1.404112,172.522,registered,"{""stamp"":1.77971e+09,""mode"":""global_recovery"",""cloud_frame_mode"":""registered"",""odom_gate_enabled"":true,""max_odom_consistency_distance"":0,""candidate_confidence_gate_enabled"":true,""min_sc_distance_gap"":0.03,""global_recovery_consistency_count"":3,""accepted"":false,""gicp_fitness"":0,""best_pose"":{""x"":-0.234267,""y"":-0.0778964,""z"":3.14477,""yaw_deg"":-5.77061},""candidates"":[{""keyframe_id"":174,""distance"":0,""yaw_deg"":144,""x"":-0.234267,""y"":-0.0778964},{""keyframe_id"":162,""distance"":0,""yaw_deg"":148,""x"":-2.60771,""y"":0.0178914},{""keyframe_id"":198,""distance"":0.0028331,""yaw_deg"":0,""x"":-1.2788,""y"":-0.0172581},{""keyframe_id"":184,""distance"":0.00305872,""yaw_deg"":0,""x"":-1.25513,""y"":-0.017181},{""keyframe_id"":185,""distance"":0.00351718,""yaw_deg"":0,""x"":-1.28404,""y"":-0.0128858}]}"
1779713808.701500,1779710000.0,False,162,0,0,-2.60771,0.0178914,4.06796,175.915,-1.307235,-0.009529,4.540657,-178.419,1.300764,0.472697,5.666,registered,"{""stamp"":1.77971e+09,""mode"":""global_recovery"",""cloud_frame_mode"":""registered"",""odom_gate_enabled"":true,""max_odom_consistency_distance"":0,""candidate_confidence_gate_enabled"":true,""min_sc_distance_gap"":0.03,""global_recovery_consistency_count"":3,""accepted"":false,""gicp_fitness"":0,""best_pose"":{""x"":-2.60771,""y"":0.0178914,""z"":4.06796,""yaw_deg"":175.915},""candidates"":[{""keyframe_id"":162,""distance"":0,""yaw_deg"":148,""x"":-2.60771,""y"":0.0178914},{""keyframe_id"":174,""distance"":0,""yaw_deg"":144,""x"":-0.234267,""y"":-0.0778964},{""keyframe_id"":197,""distance"":0.00098185,""yaw_deg"":0,""x"":-1.29449,""y"":-0.0136981},{""keyframe_id"":195,""distance"":0.00107945,""yaw_deg"":0,""x"":-1.29482,""y"":-0.0121648},{""keyframe_id"":196,""distance"":0.00126111,""yaw_deg"":0,""x"":-1.30409,""y"":-0.0109313}]}"
1779713810.725493,1779710000.0,False,174,0,0,-0.234267,-0.0778964,3.14477,-5.77061,-1.285327,-0.014290,4.542644,-179.382,1.052983,1.397874,173.611,registered,"{""stamp"":1.77971e+09,""mode"":""global_recovery"",""cloud_frame_mode"":""registered"",""odom_gate_enabled"":true,""max_odom_consistency_distance"":0,""candidate_confidence_gate_enabled"":true,""min_sc_distance_gap"":0.03,""global_recovery_consistency_count"":3,""accepted"":false,""gicp_fitness"":0,""best_pose"":{""x"":-0.234267,""y"":-0.0778964,""z"":3.14477,""yaw_deg"":-5.77061},""candidates"":[{""keyframe_id"":174,""distance"":0,""yaw_deg"":144,""x"":-0.234267,""y"":-0.0778964},{""keyframe_id"":164,""distance"":0,""yaw_deg"":148,""x"":-1.82734,""y"":-0.00339668},{""keyframe_id"":162,""distance"":0,""yaw_deg"":148,""x"":-2.60771,""y"":0.0178914},{""keyframe_id"":191,""distance"":0.00154374,""yaw_deg"":0,""x"":-1.28195,""y"":-0.0185907},{""keyframe_id"":186,""distance"":0.00163925,""yaw_deg"":0,""x"":-1.28007,""y"":-0.011087}]}"
1779713812.713808,1779710000.0,False,162,0,0,-2.60771,0.0178914,4.06796,175.915,-1.277363,-0.015081,4.547549,-179.881,1.330755,0.479589,4.204,registered,"{""stamp"":1.77971e+09,""mode"":""global_recovery"",""cloud_frame_mode"":""registered"",""odom_gate_enabled"":true,""max_odom_consistency_distance"":0,""candidate_confidence_gate_enabled"":true,""min_sc_distance_gap"":0.03,""global_recovery_consistency_count"":3,""accepted"":false,""gicp_fitness"":0,""best_pose"":{""x"":-2.60771,""y"":0.0178914,""z"":4.06796,""yaw_deg"":175.915},""candidates"":[{""keyframe_id"":162,""distance"":0,""yaw_deg"":148,""x"":-2.60771,""y"":0.0178914},{""keyframe_id"":174,""distance"":0,""yaw_deg"":144,""x"":-0.234267,""y"":-0.0778964},{""keyframe_id"":190,""distance"":0.00169939,""yaw_deg"":0,""x"":-1.27642,""y"":-0.0139655},{""keyframe_id"":194,""distance"":0.00178188,""yaw_deg"":0,""x"":-1.30161,""y"":-0.00990658},{""keyframe_id"":192,""distance"":0.00216983,""yaw_deg"":0,""x"":-1.29816,""y"":-0.010361}]}"
1779713814.734249,1779710000.0,False,174,0,0,-0.234267,-0.0778964,3.14477,-5.77061,-1.282594,-0.013298,4.542552,-179.422,1.050315,1.397782,173.652,registered,"{""stamp"":1.77971e+09,""mode"":""global_recovery"",""cloud_frame_mode"":""registered"",""odom_gate_enabled"":true,""max_odom_consistency_distance"":0,""candidate_confidence_gate_enabled"":true,""min_sc_distance_gap"":0.03,""global_recovery_consistency_count"":3,""accepted"":false,""gicp_fitness"":0,""best_pose"":{""x"":-0.234267,""y"":-0.0778964,""z"":3.14477,""yaw_deg"":-5.77061},""candidates"":[{""keyframe_id"":174,""distance"":0,""yaw_deg"":144,""x"":-0.234267,""y"":-0.0778964},{""keyframe_id"":162,""distance"":0,""yaw_deg"":148,""x"":-2.60771,""y"":0.0178914},{""keyframe_id"":194,""distance"":0.00107517,""yaw_deg"":0,""x"":-1.30161,""y"":-0.00990658},{""keyframe_id"":192,""distance"":0.00124476,""yaw_deg"":0,""x"":-1.29816,""y"":-0.010361},{""keyframe_id"":190,""distance"":0.00136835,""yaw_deg"":0,""x"":-1.27642,""y"":-0.0139655}]}"
1779713816.733621,1779710000.0,False,174,0,0,-0.234267,-0.0778964,3.14477,-5.77061,-1.304172,-0.011337,4.530177,179.893,1.071974,1.385407,174.337,registered,"{""stamp"":1.77971e+09,""mode"":""global_recovery"",""cloud_frame_mode"":""registered"",""odom_gate_enabled"":true,""max_odom_consistency_distance"":0,""candidate_confidence_gate_enabled"":true,""min_sc_distance_gap"":0.03,""global_recovery_consistency_count"":3,""accepted"":false,""gicp_fitness"":0,""best_pose"":{""x"":-0.234267,""y"":-0.0778964,""z"":3.14477,""yaw_deg"":-5.77061},""candidates"":[{""keyframe_id"":174,""distance"":0,""yaw_deg"":144,""x"":-0.234267,""y"":-0.0778964},{""keyframe_id"":162,""distance"":0,""yaw_deg"":148,""x"":-2.60771,""y"":0.0178914},{""keyframe_id"":190,""distance"":0.0012738,""yaw_deg"":0,""x"":-1.27642,""y"":-0.0139655},{""keyframe_id"":192,""distance"":0.00224963,""yaw_deg"":0,""x"":-1.29816,""y"":-0.010361},{""keyframe_id"":194,""distance"":0.00264402,""yaw_deg"":0,""x"":-1.30161,""y"":-0.00990658}]}"
1779713818.771419,1779710000.0,False,162,0,0,-2.60771,0.0178914,4.06796,175.915,-0.800502,-0.049595,4.553226,-3.273,1.808468,0.485266,179.188,registered,"{""stamp"":1.77971e+09,""mode"":""global_recovery"",""cloud_frame_mode"":""registered"",""odom_gate_enabled"":true,""max_odom_consistency_distance"":0,""candidate_confidence_gate_enabled"":true,""min_sc_distance_gap"":0.03,""global_recovery_consistency_count"":3,""accepted"":false,""gicp_fitness"":0,""best_pose"":{""x"":-2.60771,""y"":0.0178914,""z"":4.06796,""yaw_deg"":175.915},""candidates"":[{""keyframe_id"":162,""distance"":0,""yaw_deg"":148,""x"":-2.60771,""y"":0.0178914},{""keyframe_id"":664,""distance"":7.36713e-05,""yaw_deg"":140,""x"":13.9978,""y"":-0.04887},{""keyframe_id"":32,""distance"":0.00257589,""yaw_deg"":208,""x"":-0.20539,""y"":-0.0186848},{""keyframe_id"":200,""distance"":0.00894871,""yaw_deg"":0,""x"":-0.885788,""y"":-0.0438924},{""keyframe_id"":34,""distance"":0.00913762,""yaw_deg"":128,""x"":-0.455846,""y"":0.00254476}]}"
1779713822.183507,1779710000.0,False,63,0,0.0811909,-0.662562,0.00629274,0.354295,-0.927785,2.111676,-0.156634,4.103987,-1.285,2.779018,3.749692,0.357,registered,"{""stamp"":1.77971e+09,""mode"":""global_recovery"",""cloud_frame_mode"":""registered"",""odom_gate_enabled"":true,""max_odom_consistency_distance"":0,""candidate_confidence_gate_enabled"":true,""min_sc_distance_gap"":0.03,""global_recovery_consistency_count"":1,""accepted"":false,""gicp_fitness"":0.0811909,""best_pose"":{""x"":-0.662562,""y"":0.00629274,""z"":0.354295,""yaw_deg"":-0.927785},""candidates"":[{""keyframe_id"":63,""distance"":0,""yaw_deg"":148,""x"":0.313285,""y"":-0.0213668},{""keyframe_id"":61,""distance"":0,""yaw_deg"":148,""x"":0.32152,""y"":-0.0193897},{""keyframe_id"":708,""distance"":0,""yaw_deg"":148,""x"":-0.184192,""y"":-0.043464},{""keyframe_id"":30,""distance"":0,""yaw_deg"":148,""x"":0.0701509,""y"":-0.0124326},{""keyframe_id"":709,""distance"":0,""yaw_deg"":148,""x"":-0.291943,""y"":-0.0262185}]}"
1779713824.248935,1779710000.0,False,65,0,0.064975,-0.164185,0.0168942,-0.0754649,-2.54284,4.273677,-0.206040,3.253189,-1.708,4.443458,3.328654,0.835,registered,"{""stamp"":1.77971e+09,""mode"":""global_recovery"",""cloud_frame_mode"":""registered"",""odom_gate_enabled"":true,""max_odom_consistency_distance"":0,""candidate_confidence_gate_enabled"":true,""min_sc_distance_gap"":0.03,""global_recovery_consistency_count"":2,""accepted"":false,""gicp_fitness"":0.064975,""best_pose"":{""x"":-0.164185,""y"":0.0168942,""z"":-0.0754649,""yaw_deg"":-2.54284},""candidates"":[{""keyframe_id"":65,""distance"":0,""yaw_deg"":148,""x"":0.312552,""y"":-0.0188219},{""keyframe_id"":28,""distance"":0,""yaw_deg"":148,""x"":0.169911,""y"":-0.0144486},{""keyframe_id"":29,""distance"":0,""yaw_deg"":148,""x"":0.153706,""y"":-0.00476706},{""keyframe_id"":30,""distance"":0,""yaw_deg"":148,""x"":0.0701509,""y"":-0.0124326},{""keyframe_id"":66,""distance"":0,""yaw_deg"":148,""x"":0.27679,""y"":-0.0152098}]}"
1779713824.712435,1779710000.0,False,58,0,0,0.344252,-0.00904987,-0.952806,-2.63209,4.614451,-0.214612,3.255177,-2.505,4.275144,4.207983,0.127,registered,"{""stamp"":1.77971e+09,""mode"":""global_recovery"",""cloud_frame_mode"":""registered"",""odom_gate_enabled"":true,""max_odom_consistency_distance"":0,""candidate_confidence_gate_enabled"":true,""min_sc_distance_gap"":0.03,""global_recovery_consistency_count"":2,""accepted"":false,""gicp_fitness"":0,""best_pose"":{""x"":0.344252,""y"":-0.00904987,""z"":-0.952806,""yaw_deg"":-2.63209},""candidates"":[{""keyframe_id"":58,""distance"":0,""yaw_deg"":148,""x"":0.344252,""y"":-0.00904987},{""keyframe_id"":208,""distance"":0.0292738,""yaw_deg"":0,""x"":4.57122,""y"":-0.213204},{""keyframe_id"":207,""distance"":0.0444725,""yaw_deg"":0,""x"":3.81785,""y"":-0.201224},{""keyframe_id"":206,""distance"":0.0480531,""yaw_deg"":168,""x"":3.06155,""y"":-0.183246},{""keyframe_id"":210,""distance"":0.0652665,""yaw_deg"":0,""x"":5.71858,""y"":-0.233381}]}"
1779713826.732917,1779710000.0,False,694,0.00131178,0,8.82325,-0.0766355,-2.87408,-1.39481,6.296517,-0.244005,2.820705,-3.165,2.532270,5.694785,1.770,registered,"{""stamp"":1.77971e+09,""mode"":""global_recovery"",""cloud_frame_mode"":""registered"",""odom_gate_enabled"":true,""max_odom_consistency_distance"":0,""candidate_confidence_gate_enabled"":true,""min_sc_distance_gap"":0.03,""global_recovery_consistency_count"":2,""accepted"":false,""gicp_fitness"":0,""best_pose"":{""x"":8.82325,""y"":-0.0766355,""z"":-2.87408,""yaw_deg"":-1.39481},""candidates"":[{""keyframe_id"":694,""distance"":0.00131178,""yaw_deg"":152,""x"":8.82325,""y"":-0.0766355},{""keyframe_id"":685,""distance"":0.0017904,""yaw_deg"":152,""x"":9.94064,""y"":-0.037426},{""keyframe_id"":691,""distance"":0.00201425,""yaw_deg"":152,""x"":9.87215,""y"":-0.0448378},{""keyframe_id"":692,""distance"":0.00204739,""yaw_deg"":152,""x"":9.56616,""y"":-0.0395647},{""keyframe_id"":690,""distance"":0.00216833,""yaw_deg"":152,""x"":9.78464,""y"":-0.0320622}]}"
1779713828.701784,1779710000.0,False,276,3.45707e-05,0,9.32224,-0.136888,-1.76385,-4.37408,7.101876,-0.263608,2.747397,-1.900,2.223978,4.511247,2.474,registered,"{""stamp"":1.77971e+09,""mode"":""global_recovery"",""cloud_frame_mode"":""registered"",""odom_gate_enabled"":true,""max_odom_consistency_distance"":0,""candidate_confidence_gate_enabled"":true,""min_sc_distance_gap"":0.03,""global_recovery_consistency_count"":2,""accepted"":false,""gicp_fitness"":0,""best_pose"":{""x"":9.32224,""y"":-0.136888,""z"":-1.76385,""yaw_deg"":-4.37408},""candidates"":[{""keyframe_id"":276,""distance"":3.45707e-05,""yaw_deg"":140,""x"":9.32224,""y"":-0.136888},{""keyframe_id"":281,""distance"":0.000270009,""yaw_deg"":136,""x"":8.64109,""y"":-0.137791},{""keyframe_id"":216,""distance"":0.000388801,""yaw_deg"":140,""x"":7.60746,""y"":-0.262722},{""keyframe_id"":215,""distance"":0.00072813,""yaw_deg"":140,""x"":7.40507,""y"":-0.277862},{""keyframe_id"":220,""distance"":0.00251096,""yaw_deg"":148,""x"":7.59647,""y"":-0.192363}]}"
1779713830.734080,1779710000.0,False,218,4.60148e-05,0,7.78469,-0.205313,1.83615,-176.975,7.648243,-0.250652,2.217838,0.232,0.143783,0.381688,177.207,registered,"{""stamp"":1.77971e+09,""mode"":""global_recovery"",""cloud_frame_mode"":""registered"",""odom_gate_enabled"":true,""max_odom_consistency_distance"":0,""candidate_confidence_gate_enabled"":true,""min_sc_distance_gap"":0.03,""global_recovery_consistency_count"":2,""accepted"":false,""gicp_fitness"":0,""best_pose"":{""x"":7.78469,""y"":-0.205313,""z"":1.83615,""yaw_deg"":-176.975},""candidates"":[{""keyframe_id"":218,""distance"":4.60148e-05,""yaw_deg"":148,""x"":7.78469,""y"":-0.205313},{""keyframe_id"":543,""distance"":0.00497265,""yaw_deg"":160,""x"":19.0301,""y"":-0.0369777},{""keyframe_id"":499,""distance"":0.00539739,""yaw_deg"":180,""x"":18.4384,""y"":-0.058724},{""keyframe_id"":215,""distance"":0.0291574,""yaw_deg"":0,""x"":7.40507,""y"":-0.277862},{""keyframe_id"":216,""distance"":0.0354431,""yaw_deg"":0,""x"":7.60746,""y"":-0.262722}]}"
1779713832.734670,1779710000.0,False,218,3.24845e-05,0,7.78469,-0.205313,1.83615,-175.458,7.688782,-0.191846,1.531159,2.742,0.096849,0.304991,178.200,registered,"{""stamp"":1.77971e+09,""mode"":""global_recovery"",""cloud_frame_mode"":""registered"",""odom_gate_enabled"":true,""max_odom_consistency_distance"":0,""candidate_confidence_gate_enabled"":true,""min_sc_distance_gap"":0.03,""global_recovery_consistency_count"":2,""accepted"":false,""gicp_fitness"":0,""best_pose"":{""x"":7.78469,""y"":-0.205313,""z"":1.83615,""yaw_deg"":-175.458},""candidates"":[{""keyframe_id"":218,""distance"":3.24845e-05,""yaw_deg"":140,""x"":7.78469,""y"":-0.205313},{""keyframe_id"":266,""distance"":3.95179e-05,""yaw_deg"":140,""x"":10.3572,""y"":-0.27283},{""keyframe_id"":265,""distance"":5.8651e-05,""yaw_deg"":140,""x"":10.3318,""y"":-0.276958},{""keyframe_id"":219,""distance"":0.00297629,""yaw_deg"":0,""x"":7.71507,""y"":-0.19079},{""keyframe_id"":389,""distance"":0.0127244,""yaw_deg"":140,""x"":13.8212,""y"":-0.0718374}]}"
1779713834.726998,1779710000.0,False,222,0.00138088,0,7.18731,-0.1914,1.14737,168.64,7.147234,-0.199674,1.138494,170.702,0.040922,0.008876,2.062,registered,"{""stamp"":1.77971e+09,""mode"":""global_recovery"",""cloud_frame_mode"":""registered"",""odom_gate_enabled"":true,""max_odom_consistency_distance"":0,""candidate_confidence_gate_enabled"":true,""min_sc_distance_gap"":0.03,""global_recovery_consistency_count"":2,""accepted"":false,""gicp_fitness"":0,""best_pose"":{""x"":7.18731,""y"":-0.1914,""z"":1.14737,""yaw_deg"":168.64},""candidates"":[{""keyframe_id"":222,""distance"":0.00138088,""yaw_deg"":0,""x"":7.18731,""y"":-0.1914},{""keyframe_id"":99,""distance"":0.00477381,""yaw_deg"":128,""x"":-6.09965,""y"":0.0806737},{""keyframe_id"":223,""distance"":0.00601234,""yaw_deg"":124,""x"":6.86449,""y"":-0.202663},{""keyframe_id"":149,""distance"":0.0083086,""yaw_deg"":100,""x"":-8.16897,""y"":0.116573},{""keyframe_id"":145,""distance"":0.00864547,""yaw_deg"":100,""x"":-8.5356,""y"":0.134198}]}"
1779713836.701949,1779710000.0,False,225,0.00592138,0,6.36269,-0.197053,1.20004,176.479,6.380550,-0.194463,1.196663,176.477,0.018046,0.003377,0.002,registered,"{""stamp"":1.77971e+09,""mode"":""global_recovery"",""cloud_frame_mode"":""registered"",""odom_gate_enabled"":true,""max_odom_consistency_distance"":0,""candidate_confidence_gate_enabled"":true,""min_sc_distance_gap"":0.03,""global_recovery_consistency_count"":2,""accepted"":false,""gicp_fitness"":0,""best_pose"":{""x"":6.36269,""y"":-0.197053,""z"":1.20004,""yaw_deg"":176.479},""candidates"":[{""keyframe_id"":225,""distance"":0.00592138,""yaw_deg"":0,""x"":6.36269,""y"":-0.197053},{""keyframe_id"":368,""distance"":0.00935682,""yaw_deg"":48,""x"":11.3572,""y"":-0.0841837},{""keyframe_id"":392,""distance"":0.00994617,""yaw_deg"":52,""x"":15.2921,""y"":-0.0819072},{""keyframe_id"":412,""distance"":0.0102914,""yaw_deg"":56,""x"":15.765,""y"":-0.0898009},{""keyframe_id"":411,""distance"":0.0103066,""yaw_deg"":56,""x"":15.7673,""y"":-0.0864844}]}"
1779713838.711563,1779710000.0,False,301,0.00123531,0,8.46118,-0.0736132,-3.30362,-168.154,5.968063,-0.187705,1.743463,177.689,2.495726,5.047083,14.157,registered,"{""stamp"":1.77971e+09,""mode"":""global_recovery"",""cloud_frame_mode"":""registered"",""odom_gate_enabled"":true,""max_odom_consistency_distance"":0,""candidate_confidence_gate_enabled"":true,""min_sc_distance_gap"":0.03,""global_recovery_consistency_count"":2,""accepted"":false,""gicp_fitness"":0,""best_pose"":{""x"":8.46118,""y"":-0.0736132,""z"":-3.30362,""yaw_deg"":-168.154},""candidates"":[{""keyframe_id"":301,""distance"":0.00123531,""yaw_deg"":140,""x"":8.46118,""y"":-0.0736132},{""keyframe_id"":227,""distance"":0.00622175,""yaw_deg"":0,""x"":6.05482,""y"":-0.189814},{""keyframe_id"":242,""distance"":0.00687508,""yaw_deg"":0,""x"":5.96276,""y"":-0.189608},{""keyframe_id"":235,""distance"":0.0071434,""yaw_deg"":0,""x"":5.9622,""y"":-0.192366},{""keyframe_id"":240,""distance"":0.00716233,""yaw_deg"":0,""x"":5.96686,""y"":-0.191197}]}"
1779713840.732678,1779710000.0,False,433,4.85778e-05,0,18.4757,-0.120702,-5.10557,-0.0139518,5.958881,-0.188849,1.746511,177.132,12.517004,6.852081,177.145,registered,"{""stamp"":1.77971e+09,""mode"":""global_recovery"",""cloud_frame_mode"":""registered"",""odom_gate_enabled"":true,""max_odom_consistency_distance"":0,""candidate_confidence_gate_enabled"":true,""min_sc_distance_gap"":0.03,""global_recovery_consistency_count"":2,""accepted"":false,""gicp_fitness"":0,""best_pose"":{""x"":18.4757,""y"":-0.120702,""z"":-5.10557,""yaw_deg"":-0.0139518},""candidates"":[{""keyframe_id"":433,""distance"":4.85778e-05,""yaw_deg"":140,""x"":18.4757,""y"":-0.120702},{""keyframe_id"":301,""distance"":0.00131118,""yaw_deg"":140,""x"":8.46118,""y"":-0.0736132},{""keyframe_id"":247,""distance"":0.00487248,""yaw_deg"":0,""x"":5.95735,""y"":-0.195306},{""keyframe_id"":230,""distance"":0.00526527,""yaw_deg"":0,""x"":5.96987,""y"":-0.194271},{""keyframe_id"":237,""distance"":0.00553313,""yaw_deg"":0,""x"":5.96207,""y"":-0.191713}]}"
1779713842.733821,1779710000.0,False,433,5.78165e-05,0,18.4757,-0.120702,-5.10557,-0.0139518,5.957166,-0.193523,1.742283,177.530,12.518746,6.847853,177.544,registered,"{""stamp"":1.77971e+09,""mode"":""global_recovery"",""cloud_frame_mode"":""registered"",""odom_gate_enabled"":true,""max_odom_consistency_distance"":0,""candidate_confidence_gate_enabled"":true,""min_sc_distance_gap"":0.03,""global_recovery_consistency_count"":2,""accepted"":false,""gicp_fitness"":0,""best_pose"":{""x"":18.4757,""y"":-0.120702,""z"":-5.10557,""yaw_deg"":-0.0139518},""candidates"":[{""keyframe_id"":433,""distance"":5.78165e-05,""yaw_deg"":140,""x"":18.4757,""y"":-0.120702},{""keyframe_id"":301,""distance"":0.00128251,""yaw_deg"":140,""x"":8.46118,""y"":-0.0736132},{""keyframe_id"":242,""distance"":0.00688278,""yaw_deg"":0,""x"":5.96276,""y"":-0.189608},{""keyframe_id"":230,""distance"":0.00735987,""yaw_deg"":0,""x"":5.96987,""y"":-0.194271},{""keyframe_id"":231,""distance"":0.00773583,""yaw_deg"":0,""x"":5.96306,""y"":-0.18784}]}"
1779713844.701046,1779710000.0,False,301,0.00117165,0,8.46118,-0.0736132,-3.30362,-168.154,5.958781,-0.196011,1.745133,177.160,2.505390,5.048753,14.686,registered,"{""stamp"":1.77971e+09,""mode"":""global_recovery"",""cloud_frame_mode"":""registered"",""odom_gate_enabled"":true,""max_odom_consistency_distance"":0,""candidate_confidence_gate_enabled"":true,""min_sc_distance_gap"":0.03,""global_recovery_consistency_count"":2,""accepted"":false,""gicp_fitness"":0,""best_pose"":{""x"":8.46118,""y"":-0.0736132,""z"":-3.30362,""yaw_deg"":-168.154},""candidates"":[{""keyframe_id"":301,""distance"":0.00117165,""yaw_deg"":140,""x"":8.46118,""y"":-0.0736132},{""keyframe_id"":236,""distance"":0.00278153,""yaw_deg"":0,""x"":5.96103,""y"":-0.193325},{""keyframe_id"":237,""distance"":0.00295124,""yaw_deg"":0,""x"":5.96207,""y"":-0.191713},{""keyframe_id"":238,""distance"":0.00344866,""yaw_deg"":0,""x"":5.95907,""y"":-0.1934},{""keyframe_id"":240,""distance"":0.0035199,""yaw_deg"":0,""x"":5.96686,""y"":-0.191197}]}"
1779713846.702423,1779710000.0,False,301,0.00124848,0,8.46118,-0.0736132,-3.30362,-168.154,5.968790,-0.194290,1.749577,177.075,2.495310,5.053197,14.771,registered,"{""stamp"":1.77971e+09,""mode"":""global_recovery"",""cloud_frame_mode"":""registered"",""odom_gate_enabled"":true,""max_odom_consistency_distance"":0,""candidate_confidence_gate_enabled"":true,""min_sc_distance_gap"":0.03,""global_recovery_consistency_count"":2,""accepted"":false,""gicp_fitness"":0,""best_pose"":{""x"":8.46118,""y"":-0.0736132,""z"":-3.30362,""yaw_deg"":-168.154},""candidates"":[{""keyframe_id"":301,""distance"":0.00124848,""yaw_deg"":140,""x"":8.46118,""y"":-0.0736132},{""keyframe_id"":239,""distance"":0.00300354,""yaw_deg"":0,""x"":5.96567,""y"":-0.193956},{""keyframe_id"":237,""distance"":0.00457357,""yaw_deg"":0,""x"":5.96207,""y"":-0.191713},{""keyframe_id"":235,""distance"":0.004776,""yaw_deg"":0,""x"":5.9622,""y"":-0.192366},{""keyframe_id"":233,""distance"":0.0051232,""yaw_deg"":0,""x"":5.96542,""y"":-0.192227}]}"
1779713848.705427,1779710000.0,False,433,5.81145e-05,0,18.4757,-0.120702,-5.10557,-0.0139518,5.962758,-0.189608,1.749018,177.241,12.513131,6.854588,177.255,registered,"{""stamp"":1.77971e+09,""mode"":""global_recovery"",""cloud_frame_mode"":""registered"",""odom_gate_enabled"":true,""max_odom_consistency_distance"":0,""candidate_confidence_gate_enabled"":true,""min_sc_distance_gap"":0.03,""global_recovery_consistency_count"":2,""accepted"":false,""gicp_fitness"":0,""best_pose"":{""x"":18.4757,""y"":-0.120702,""z"":-5.10557,""yaw_deg"":-0.0139518},""candidates"":[{""keyframe_id"":433,""distance"":5.81145e-05,""yaw_deg"":140,""x"":18.4757,""y"":-0.120702},{""keyframe_id"":301,""distance"":0.00130695,""yaw_deg"":140,""x"":8.46118,""y"":-0.0736132},{""keyframe_id"":247,""distance"":0.00471136,""yaw_deg"":0,""x"":5.95735,""y"":-0.195306},{""keyframe_id"":236,""distance"":0.00479393,""yaw_deg"":0,""x"":5.96103,""y"":-0.193325},{""keyframe_id"":242,""distance"":0.00527648,""yaw_deg"":0,""x"":5.96276,""y"":-0.189608}]}"
1779713850.708951,1779710000.0,False,433,6.28233e-05,0,18.4757,-0.120702,-5.10557,-0.0139518,5.954832,-0.192365,1.739961,177.270,12.521073,6.845531,177.284,registered,"{""stamp"":1.77971e+09,""mode"":""global_recovery"",""cloud_frame_mode"":""registered"",""odom_gate_enabled"":true,""max_odom_consistency_distance"":0,""candidate_confidence_gate_enabled"":true,""min_sc_distance_gap"":0.03,""global_recovery_consistency_count"":2,""accepted"":false,""gicp_fitness"":0,""best_pose"":{""x"":18.4757,""y"":-0.120702,""z"":-5.10557,""yaw_deg"":-0.0139518},""candidates"":[{""keyframe_id"":433,""distance"":6.28233e-05,""yaw_deg"":140,""x"":18.4757,""y"":-0.120702},{""keyframe_id"":301,""distance"":0.001284,""yaw_deg"":140,""x"":8.46118,""y"":-0.0736132},{""keyframe_id"":247,""distance"":0.00540649,""yaw_deg"":0,""x"":5.95735,""y"":-0.195306},{""keyframe_id"":230,""distance"":0.00581223,""yaw_deg"":0,""x"":5.96987,""y"":-0.194271},{""keyframe_id"":242,""distance"":0.00597461,""yaw_deg"":0,""x"":5.96276,""y"":-0.189608}]}"
1779713852.720163,1779710000.0,False,301,0.0012657,0,8.46118,-0.0736132,-3.30362,-168.154,5.957776,-0.193555,1.744933,177.261,2.506275,5.048553,14.585,registered,"{""stamp"":1.77971e+09,""mode"":""global_recovery"",""cloud_frame_mode"":""registered"",""odom_gate_enabled"":true,""max_odom_consistency_distance"":0,""candidate_confidence_gate_enabled"":true,""min_sc_distance_gap"":0.03,""global_recovery_consistency_count"":2,""accepted"":false,""gicp_fitness"":0,""best_pose"":{""x"":8.46118,""y"":-0.0736132,""z"":-3.30362,""yaw_deg"":-168.154},""candidates"":[{""keyframe_id"":301,""distance"":0.0012657,""yaw_deg"":140,""x"":8.46118,""y"":-0.0736132},{""keyframe_id"":233,""distance"":0.0030411,""yaw_deg"":0,""x"":5.96542,""y"":-0.192227},{""keyframe_id"":238,""distance"":0.00348329,""yaw_deg"":0,""x"":5.95907,""y"":-0.1934},{""keyframe_id"":232,""distance"":0.00354074,""yaw_deg"":0,""x"":5.96768,""y"":-0.191762},{""keyframe_id"":230,""distance"":0.00386313,""yaw_deg"":0,""x"":5.96987,""y"":-0.194271}]}"
1779713854.752231,1779710000.0,False,434,0,0,18.3,-0.124141,-4.9551,-0.705422,7.129631,-0.256819,3.038464,-177.809,11.171157,7.993564,177.104,registered,"{""stamp"":1.77971e+09,""mode"":""global_recovery"",""cloud_frame_mode"":""registered"",""odom_gate_enabled"":true,""max_odom_consistency_distance"":0,""candidate_confidence_gate_enabled"":true,""min_sc_distance_gap"":0.03,""global_recovery_consistency_count"":2,""accepted"":false,""gicp_fitness"":0,""best_pose"":{""x"":18.3,""y"":-0.124141,""z"":-4.9551,""yaw_deg"":-0.705422},""candidates"":[{""keyframe_id"":434,""distance"":0,""yaw_deg"":148,""x"":18.3,""y"":-0.124141},{""keyframe_id"":228,""distance"":0.0173093,""yaw_deg"":0,""x"":5.95779,""y"":-0.193365},{""keyframe_id"":247,""distance"":0.0181969,""yaw_deg"":0,""x"":5.95735,""y"":-0.195306},{""keyframe_id"":229,""distance"":0.0203215,""yaw_deg"":0,""x"":5.96857,""y"":-0.191242},{""keyframe_id"":245,""distance"":0.0211012,""yaw_deg"":0,""x"":5.95738,""y"":-0.188762}]}"
1779713856.719833,1779710000.0,False,253,0.000462282,0,8.42861,-0.324671,3.48615,-3.68855,8.593808,-0.334375,3.454474,-2.610,0.165483,0.031676,1.079,registered,"{""stamp"":1.77971e+09,""mode"":""global_recovery"",""cloud_frame_mode"":""registered"",""odom_gate_enabled"":true,""max_odom_consistency_distance"":0,""candidate_confidence_gate_enabled"":true,""min_sc_distance_gap"":0.03,""global_recovery_consistency_count"":2,""accepted"":false,""gicp_fitness"":0,""best_pose"":{""x"":8.42861,""y"":-0.324671,""z"":3.48615,""yaw_deg"":-3.68855},""candidates"":[{""keyframe_id"":253,""distance"":0.000462282,""yaw_deg"":0,""x"":8.42861,""y"":-0.324671},{""keyframe_id"":167,""distance"":0.0071403,""yaw_deg"":228,""x"":-0.688943,""y"":-0.0525008},{""keyframe_id"":660,""distance"":0.0130422,""yaw_deg"":180,""x"":16.5199,""y"":-0.106807},{""keyframe_id"":177,""distance"":0.0140926,""yaw_deg"":236,""x"":-1.00756,""y"":-0.0470241},{""keyframe_id"":176,""distance"":0.0178543,""yaw_deg"":220,""x"":-0.720692,""y"":-0.056602}]}"
1779713858.727626,1779710000.0,False,256,0.000459729,0,9.77542,-0.343642,3.05178,-1.31925,9.773732,-0.344807,3.020958,-1.134,0.002051,0.030822,0.186,registered,"{""stamp"":1.77971e+09,""mode"":""global_recovery"",""cloud_frame_mode"":""registered"",""odom_gate_enabled"":true,""max_odom_consistency_distance"":0,""candidate_confidence_gate_enabled"":true,""min_sc_distance_gap"":0.03,""global_recovery_consistency_count"":2,""accepted"":false,""gicp_fitness"":0,""best_pose"":{""x"":9.77542,""y"":-0.343642,""z"":3.05178,""yaw_deg"":-1.31925},""candidates"":[{""keyframe_id"":256,""distance"":0.000459729,""yaw_deg"":0,""x"":9.77542,""y"":-0.343642},{""keyframe_id"":144,""distance"":0.00109921,""yaw_deg"":160,""x"":-9.10511,""y"":0.131694},{""keyframe_id"":177,""distance"":0.00114644,""yaw_deg"":156,""x"":-1.00756,""y"":-0.0470241},{""keyframe_id"":145,""distance"":0.00601125,""yaw_deg"":148,""x"":-8.5356,""y"":0.134198},{""keyframe_id"":260,""distance"":0.009462,""yaw_deg"":0,""x"":9.92741,""y"":-0.340192}]}"
1779713860.708849,1779710000.0,False,206,0.00102001,0,3.06155,-0.183246,3.68809,177.968,9.952150,-0.332682,2.959654,-1.425,6.892220,0.728436,179.393,registered,"{""stamp"":1.77971e+09,""mode"":""global_recovery"",""cloud_frame_mode"":""registered"",""odom_gate_enabled"":true,""max_odom_consistency_distance"":0,""candidate_confidence_gate_enabled"":true,""min_sc_distance_gap"":0.03,""global_recovery_consistency_count"":2,""accepted"":false,""gicp_fitness"":0,""best_pose"":{""x"":3.06155,""y"":-0.183246,""z"":3.68809,""yaw_deg"":177.968},""candidates"":[{""keyframe_id"":206,""distance"":0.00102001,""yaw_deg"":148,""x"":3.06155,""y"":-0.183246},{""keyframe_id"":145,""distance"":0.00424284,""yaw_deg"":148,""x"":-8.5356,""y"":0.134198},{""keyframe_id"":255,""distance"":0.0120255,""yaw_deg"":0,""x"":9.36247,""y"":-0.332888},{""keyframe_id"":222,""distance"":0.0142037,""yaw_deg"":192,""x"":7.18731,""y"":-0.1914},{""keyframe_id"":256,""distance"":0.0153484,""yaw_deg"":0,""x"":9.77542,""y"":-0.343642}]}"
1779713862.697785,1779710000.0,False,255,0.0112381,0,9.36247,-0.332888,3.31394,-1.94675,9.959585,-0.339493,3.009393,-0.566,0.597152,0.304547,1.381,registered,"{""stamp"":1.77971e+09,""mode"":""global_recovery"",""cloud_frame_mode"":""registered"",""odom_gate_enabled"":true,""max_odom_consistency_distance"":0,""candidate_confidence_gate_enabled"":true,""min_sc_distance_gap"":0.03,""global_recovery_consistency_count"":2,""accepted"":false,""gicp_fitness"":0,""best_pose"":{""x"":9.36247,""y"":-0.332888,""z"":3.31394,""yaw_deg"":-1.94675},""candidates"":[{""keyframe_id"":255,""distance"":0.0112381,""yaw_deg"":0,""x"":9.36247,""y"":-0.332888},{""keyframe_id"":222,""distance"":0.0138566,""yaw_deg"":188,""x"":7.18731,""y"":-0.1914},{""keyframe_id"":260,""distance"":0.0238971,""yaw_deg"":0,""x"":9.92741,""y"":-0.340192},{""keyframe_id"":262,""distance"":0.0242769,""yaw_deg"":0,""x"":10.0161,""y"":-0.329197},{""keyframe_id"":256,""distance"":0.0245343,""yaw_deg"":0,""x"":9.77542,""y"":-0.343642}]}"
